-- SQL Script for Web Giày Bóng Đá database
CREATE DATABASE IF NOT EXISTS `web_giay_bong_da` CHARACTER SET utf8mb4 COLLATE utf8mb4_unicode_ci;
USE `web_giay_bong_da`;

SET FOREIGN_KEY_CHECKS = 0;
DROP TABLE IF EXISTS `danhmuc`;
DROP TABLE IF EXISTS `taikhoan`;
DROP TABLE IF EXISTS `banner`;
DROP TABLE IF EXISTS `baiviet`;
DROP TABLE IF EXISTS `sanpham`;
DROP TABLE IF EXISTS `binhluan`;
DROP TABLE IF EXISTS `donhang`;
DROP TABLE IF EXISTS `chitiet_donhang`;
SET FOREIGN_KEY_CHECKS = 1;

CREATE TABLE `danhmuc` (
  `id` int(11) NOT NULL AUTO_INCREMENT,
  `ten_danhmuc` varchar(255) NOT NULL,
  PRIMARY KEY (`id`),
  UNIQUE KEY `ten_danhmuc` (`ten_danhmuc`)
) ENGINE=InnoDB AUTO_INCREMENT=7 DEFAULT CHARSET=utf8mb4 COLLATE=utf8mb4_general_ci;

INSERT INTO `danhmuc` (`id`, `ten_danhmuc`) VALUES
('1', 'Giày Cỏ Nhân Tạo TF'),
('2', 'Giày Cỏ Tự Nhiên (FG)'),
('3', 'Giày Futsal (IC)'),
('5', 'Pickleball'),
('4', 'Quả Bóng'),
('6', 'Sneaker');

CREATE TABLE `taikhoan` (
  `id` int(11) NOT NULL AUTO_INCREMENT,
  `user` varchar(50) NOT NULL,
  `pass` varchar(255) NOT NULL,
  `email` varchar(100) NOT NULL,
  `dien_thoai` varchar(20) DEFAULT NULL,
  `vai_tro` int(11) DEFAULT 0,
  PRIMARY KEY (`id`),
  UNIQUE KEY `user` (`user`),
  UNIQUE KEY `email` (`email`)
) ENGINE=InnoDB AUTO_INCREMENT=3 DEFAULT CHARSET=utf8mb4 COLLATE=utf8mb4_general_ci;

INSERT INTO `taikhoan` (`id`, `user`, `pass`, `email`, `dien_thoai`, `vai_tro`) VALUES
('2', 'admin', '$2y$10$xwORmvTld/jpBbJOFyikjOxEFEF3DGehHBFZvD8iSpOfkuNbe0bg.', 'admin123@gmail.com', '0987654321', '1');

CREATE TABLE `banner` (
  `id` int(11) NOT NULL AUTO_INCREMENT,
  `ten_banner` varchar(255) NOT NULL,
  `hinh_anh` varchar(255) NOT NULL,
  `lien_ket` varchar(255) DEFAULT NULL,
  `vi_tri` varchar(50) NOT NULL,
  PRIMARY KEY (`id`)
) ENGINE=InnoDB AUTO_INCREMENT=10 DEFAULT CHARSET=utf8mb4 COLLATE=utf8mb4_general_ci;

INSERT INTO `banner` (`id`, `ten_banner`, `hinh_anh`, `lien_ket`, `vi_tri`) VALUES
('1', 'Nike Attack Pack - Strike Fast', 'uploads/banner_1782461955_6a3e3603c0f8b.png', 'index.php?act=sanpham&keyword=Nike', 'slider'),
('2', 'Adidas F50 Speed - Unleash Speed', 'uploads/banner_1782462107_6a3e369b8afa3.png', 'index.php?act=sanpham&keyword=Adidas', 'slider'),
('3', 'Mizuno Japan - Gold Craftsmanship', 'assets/images/banner_main3.svg', 'index.php?act=sanpham&keyword=Mizuno', 'slider'),
('4', 'Puma Future Tech - Play Without Limits', 'assets/images/banner_main4.svg', 'index.php?act=sanpham&keyword=Puma', 'slider'),
('5', 'Kamito TA11 Pro - Đam Mê Chinh Phục', 'assets/images/banner_main5.svg', 'index.php?act=sanpham&keyword=Kamito', 'slider'),
('6', 'Zocker Inspire Pro - Chạm Tinh Tế', 'assets/images/banner_main6.svg', 'index.php?act=sanpham&keyword=Zocker', 'slider'),
('7', 'Wika Neo Flash - Bứt Tốc Đỉnh Cao', 'assets/images/banner_main7.svg', 'index.php?act=sanpham&keyword=Wika', 'slider'),
('8', 'Kelme Star Futsal - Indoor Master', 'assets/images/banner_main8.svg', 'index.php?act=sanpham&keyword=Kelme', 'slider'),
('9', 'Mizuno Japan - Đỉnh cao da thật', 'assets/images/banner_sub.svg', 'index.php?act=sanpham&id_danhmuc=2', 'sub_banner');

CREATE TABLE `baiviet` (
  `id` int(11) NOT NULL AUTO_INCREMENT,
  `tieu_de` varchar(255) NOT NULL,
  `hinh_anh` varchar(255) NOT NULL,
  `ngay_dang` varchar(20) NOT NULL,
  `mo_ta_ngan` text NOT NULL,
  `noi_dung` text NOT NULL,
  PRIMARY KEY (`id`)
) ENGINE=InnoDB AUTO_INCREMENT=4 DEFAULT CHARSET=utf8mb4 COLLATE=utf8mb4_general_ci;

INSERT INTO `baiviet` (`id`, `tieu_de`, `hinh_anh`, `ngay_dang`, `mo_ta_ngan`, `noi_dung`) VALUES
('1', 'Cách chọn size giày bóng đá chuẩn nhất cho chân bè', 'assets/images/baiviet1.svg', '23-06-2026', 'Chân bè mang giày gì thoải mái? Xem ngay cẩm nang chọn size giày bóng đá cực chuẩn cho người chân bè ngang phong trào.', 'Bàn chân bè (bàn chân rộng bề ngang) luôn là nỗi lo lắng của nhiều cầu thủ khi chọn mua giày bóng đá. Mang một đôi giày quá chật ngang sẽ gây đau đớn, phồng rộp và ảnh hưởng lớn đến phong độ thi đấu. Dưới đây là các bước chọn size chuẩn:\n\n1. Đo kích thước bàn chân vào cuối ngày.\n2. Chọn phom giày thích hợp (phom da thật K-leather co giãn tốt như Mizuno Morelia hoặc Kamito).\n3. Tăng từ 0.5 đến 1 size nếu chọn các phom giày thon gọn như Nike Mercurial.'),
('2', 'So sánh đinh TF và đinh FG: Khi nào nên sử dụng?', 'assets/images/baiviet2.svg', '21-06-2026', 'Phân biệt chi tiết giữa giày bóng đá sân cỏ nhân tạo (TF) và sân cỏ tự nhiên (FG) để bảo vệ cổ chân tốt nhất khi vận động.', 'Sử dụng sai loại đinh giày trên mặt sân không phù hợp là nguyên nhân hàng đầu dẫn đến các chấn thương nghiêm trọng như lật sơ mi cổ chân, đứt dây chằng chéo trước. Hãy lưu ý:\n\n1. Đinh TF (Turf): Gồm nhiều đinh dăm nhỏ bằng cao su, thiết kế chuyên cho sân cỏ nhân tạo Việt Nam có độ dày cỏ thấp và mặt sân cứng. Hỗ trợ giảm chấn rất tốt.\n2. Đinh FG (Firm Ground): Gồm các đinh cao bằng nhựa cứng chịu lực, chuyên dụng cho sân cỏ tự nhiên có nền đất mềm, cỏ dày đạt chuẩn. Không dùng đinh FG trên sân cỏ nhân tạo cứng vì dễ trượt ngã và chấn thương.'),
('3', 'Top 5 đôi giày cỏ nhân tạo bán chạy nhất năm 2026', 'assets/images/baiviet3.svg', '18-06-2026', 'Tổng hợp những mẫu giày đá banh sân cỏ nhân tạo được người chơi phong trào ưa chuộng và săn lùng nhiều nhất phân khúc.', 'Đâu là những cái tên đang thống trị các sân cỏ phong trào năm nay?\n\n1. Nike Mercurial Vapor 15 Academy TF: Tốc độ và ôm chân tuyệt đối.\n2. Adidas Predator Accuracy.3 TF: Cảm giác bóng và các khu vực vân nổi kiểm soát tối ưu.\n3. Kamito Velocidad II TF: Giá thành hợp lý, phom bè cực êm cho người Việt.\n4. Mizuno Monarcida Neo II Select TF: Độ bền bỉ đáng kinh ngạc từ thương hiệu Nhật Bản.\n5. Puma Future Play TF: Cổ thun linh động cho lối chơi lắt léo.');

CREATE TABLE `sanpham` (
  `id` int(11) NOT NULL AUTO_INCREMENT,
  `ten_sanpham` varchar(255) NOT NULL,
  `gia` double NOT NULL,
  `gia_giam` double DEFAULT NULL,
  `hinh_anh` varchar(255) NOT NULL,
  `mo_ta` text DEFAULT NULL,
  `id_danhmuc` int(11) NOT NULL,
  `dac_biet` int(11) DEFAULT 0,
  `luot_xem` int(11) DEFAULT 0,
  PRIMARY KEY (`id`),
  KEY `id_danhmuc` (`id_danhmuc`),
  CONSTRAINT `sanpham_ibfk_1` FOREIGN KEY (`id_danhmuc`) REFERENCES `danhmuc` (`id`) ON DELETE CASCADE
) ENGINE=InnoDB AUTO_INCREMENT=260 DEFAULT CHARSET=utf8mb4 COLLATE=utf8mb4_general_ci;

INSERT INTO `sanpham` (`id`, `ten_sanpham`, `gia`, `gia_giam`, `hinh_anh`, `mo_ta`, `id_danhmuc`, `dac_biet`, `luot_xem`) VALUES
('1', 'Nike Mercurial Vapor #1', '830000', NULL, 'uploads/shoe_1.svg', 'Giày bóng đá Nike Mercurial Vapor chính hãng phiên bản #1 mang thiết kế hiện đại, chất liệu bền bỉ, hỗ trợ tối đa hiệu suất ra sân của bạn.', '1', '0', '12'),
('2', 'Adidas F50 League #2', '860000', NULL, 'uploads/shoe_2.svg', 'Giày bóng đá Adidas F50 League chính hãng phiên bản #2 mang thiết kế hiện đại, chất liệu bền bỉ, hỗ trợ tối đa hiệu suất ra sân của bạn.', '2', '0', '24'),
('3', 'Mizuno Monarcida Neo Select #3', '890000', '756500', 'uploads/shoe_3.svg', 'Giày bóng đá Mizuno Monarcida Neo Select chính hãng phiên bản #3 mang thiết kế hiện đại, chất liệu bền bỉ, hỗ trợ tối đa hiệu suất ra sân của bạn.', '3', '0', '36'),
('4', 'Puma Future Ultimate #4', '920000', '828000', 'uploads/shoe_4.svg', 'Giày bóng đá Puma Future Ultimate chính hãng phiên bản #4 mang thiết kế hiện đại, chất liệu bền bỉ, hỗ trợ tối đa hiệu suất ra sân của bạn.', '2', '0', '48'),
('5', 'Kamito Velocidad II #5', '950000', NULL, 'uploads/shoe_5.svg', 'Giày bóng đá Kamito Velocidad II chính hãng phiên bản #5 mang thiết kế hiện đại, chất liệu bền bỉ, hỗ trợ tối đa hiệu suất ra sân của bạn.', '1', '1', '60'),
('6', 'Zocker Winner #6', '980000', '833000', 'uploads/shoe_6.svg', 'Giày bóng đá Zocker Winner chính hãng phiên bản #6 mang thiết kế hiện đại, chất liệu bền bỉ, hỗ trợ tối đa hiệu suất ra sân của bạn.', '3', '0', '72'),
('7', 'Wika Wika Legend #7', '1010000', NULL, 'uploads/shoe_7.svg', 'Giày bóng đá Wika Wika Legend chính hãng phiên bản #7 mang thiết kế hiện đại, chất liệu bền bỉ, hỗ trợ tối đa hiệu suất ra sân của bạn.', '1', '0', '84'),
('8', 'Pan Pan Fighter #8', '1040000', '936000', 'uploads/shoe_8.svg', 'Giày bóng đá Pan Pan Fighter chính hãng phiên bản #8 mang thiết kế hiện đại, chất liệu bền bỉ, hỗ trợ tối đa hiệu suất ra sân của bạn.', '2', '0', '96'),
('9', 'Adidas Copa Pure 3 League TF - Pure Victory', '2100000', '1250000', 'assets/images/adidas_copa_pure3.png', 'Giày bóng đá Adidas Copa Pure 3 League TF chính hãng với thiết kế phom da mềm êm chân, hỗ trợ kiểm soát chạm bóng tối ưu.', '1', '1', '108'),
('10', 'Adidas F50 League TF IF1336 - Xanh/Hồng', '2400000', '1490000', 'assets/images/adidas_f50_league.png', 'Dòng sản phẩm F50 tốc độ huyền thoại của Adidas, sắc xanh phối hồng cá tính và đệm đế giảm áp suất gót chân.', '1', '1', '120'),
('11', 'Puma Future 8 Pro Cage TT Audacity - 108366-03', '2999000', '1750000', 'assets/images/puma_future8.png', 'Thiết kế giày đinh dăm chuyên dụng cho sân cỏ nhân tạo với chất liệu thun co giãn ôm khít cổ chân cực tốt.', '1', '1', '132'),
('12', 'Giày Bóng Đá Kelme TF Mã 8531ZX1036', '1040000', '936000', 'assets/images/kelme_tf.png', 'Giày bóng đá Kelme chính hãng bền bỉ, thích hợp cho người chân bè, thiết kế màu bạc thời thượng và ôm chân thoải mái.', '1', '1', '144'),
('13', 'Adidas Predator Accuracy #13', '1190000', NULL, 'uploads/shoe_13.svg', 'Giày bóng đá Adidas Predator Accuracy chính hãng phiên bản #13 mang thiết kế hiện đại, chất liệu bền bỉ, hỗ trợ tối đa hiệu suất ra sân của bạn.', '1', '0', '156'),
('14', 'Mizuno Mizuno Alpha #14', '1220000', NULL, 'uploads/shoe_14.svg', 'Giày bóng đá Mizuno Mizuno Alpha chính hãng phiên bản #14 mang thiết kế hiện đại, chất liệu bền bỉ, hỗ trợ tối đa hiệu suất ra sân của bạn.', '2', '0', '168'),
('15', 'Puma King Pro #15', '1250000', '1062500', 'uploads/shoe_15.svg', 'Giày bóng đá Puma King Pro chính hãng phiên bản #15 mang thiết kế hiện đại, chất liệu bền bỉ, hỗ trợ tối đa hiệu suất ra sân của bạn.', '3', '1', '180'),
('16', 'Kamito Cobra #16', '1280000', '1152000', 'uploads/shoe_16.svg', 'Giày bóng đá Kamito Cobra chính hãng phiên bản #16 mang thiết kế hiện đại, chất liệu bền bỉ, hỗ trợ tối đa hiệu suất ra sân của bạn.', '2', '0', '192'),
('17', 'Zocker inspire Pro #17', '1310000', NULL, 'uploads/shoe_17.svg', 'Giày bóng đá Zocker inspire Pro chính hãng phiên bản #17 mang thiết kế hiện đại, chất liệu bền bỉ, hỗ trợ tối đa hiệu suất ra sân của bạn.', '1', '0', '204'),
('18', 'Wika Wika Flash #18', '1340000', '1139000', 'uploads/shoe_18.svg', 'Giày bóng đá Wika Wika Flash chính hãng phiên bản #18 mang thiết kế hiện đại, chất liệu bền bỉ, hỗ trợ tối đa hiệu suất ra sân của bạn.', '3', '0', '216'),
('19', 'Pan Pan Super Sonic #19', '1370000', NULL, 'uploads/shoe_19.svg', 'Giày bóng đá Pan Pan Super Sonic chính hãng phiên bản #19 mang thiết kế hiện đại, chất liệu bền bỉ, hỗ trợ tối đa hiệu suất ra sân của bạn.', '1', '0', '228'),
('20', 'Jogarbola Jogarbola Swift #20', '1400000', '1260000', 'uploads/shoe_20.svg', 'Giày bóng đá Jogarbola Jogarbola Swift chính hãng phiên bản #20 mang thiết kế hiện đại, chất liệu bền bỉ, hỗ trợ tối đa hiệu suất ra sân của bạn.', '2', '1', '240'),
('21', 'Kelme Kelme Star #21', '1430000', '1215500', 'uploads/shoe_21.svg', 'Giày bóng đá Kelme Kelme Star chính hãng phiên bản #21 mang thiết kế hiện đại, chất liệu bền bỉ, hỗ trợ tối đa hiệu suất ra sân của bạn.', '3', '0', '252'),
('22', 'NMS NMS Captain #22', '1460000', NULL, 'uploads/shoe_22.svg', 'Giày bóng đá NMS NMS Captain chính hãng phiên bản #22 mang thiết kế hiện đại, chất liệu bền bỉ, hỗ trợ tối đa hiệu suất ra sân của bạn.', '2', '0', '264'),
('23', 'Nike Phantom GX #23', '1490000', NULL, 'uploads/shoe_23.svg', 'Giày bóng đá Nike Phantom GX chính hãng phiên bản #23 mang thiết kế hiện đại, chất liệu bền bỉ, hỗ trợ tối đa hiệu suất ra sân của bạn.', '1', '0', '276'),
('24', 'Adidas X Crazyfast #24', '1520000', '1292000', 'uploads/shoe_24.svg', 'Giày bóng đá Adidas X Crazyfast chính hãng phiên bản #24 mang thiết kế hiện đại, chất liệu bền bỉ, hỗ trợ tối đa hiệu suất ra sân của bạn.', '3', '0', '288'),
('25', 'Mizuno Morelia Neo IV #25', '1550000', NULL, 'uploads/shoe_25.svg', 'Giày bóng đá Mizuno Morelia Neo IV chính hãng phiên bản #25 mang thiết kế hiện đại, chất liệu bền bỉ, hỗ trợ tối đa hiệu suất ra sân của bạn.', '1', '1', '300'),
('26', 'Puma Ultra Match #26', '1580000', NULL, 'uploads/shoe_26.svg', 'Giày bóng đá Puma Ultra Match chính hãng phiên bản #26 mang thiết kế hiện đại, chất liệu bền bỉ, hỗ trợ tối đa hiệu suất ra sân của bạn.', '2', '0', '312'),
('27', 'Kamito Kamito KL #27', '1610000', '1368500', 'uploads/shoe_27.svg', 'Giày bóng đá Kamito Kamito KL chính hãng phiên bản #27 mang thiết kế hiện đại, chất liệu bền bỉ, hỗ trợ tối đa hiệu suất ra sân của bạn.', '3', '0', '324'),
('28', 'Zocker Zocker Focus #28', '1640000', '1476000', 'uploads/shoe_28.svg', 'Giày bóng đá Zocker Zocker Focus chính hãng phiên bản #28 mang thiết kế hiện đại, chất liệu bền bỉ, hỗ trợ tối đa hiệu suất ra sân của bạn.', '2', '0', '336'),
('29', 'Wika Wika Neo #29', '1670000', NULL, 'uploads/shoe_29.svg', 'Giày bóng đá Wika Wika Neo chính hãng phiên bản #29 mang thiết kế hiện đại, chất liệu bền bỉ, hỗ trợ tối đa hiệu suất ra sân của bạn.', '1', '0', '348'),
('30', 'Pan Pan Wave #30', '1700000', '1445000', 'uploads/shoe_30.svg', 'Giày bóng đá Pan Pan Wave chính hãng phiên bản #30 mang thiết kế hiện đại, chất liệu bền bỉ, hỗ trợ tối đa hiệu suất ra sân của bạn.', '3', '1', '360'),
('31', 'Jogarbola Jogarbola 9018 #31', '1730000', NULL, 'uploads/shoe_31.svg', 'Giày bóng đá Jogarbola Jogarbola 9018 chính hãng phiên bản #31 mang thiết kế hiện đại, chất liệu bền bỉ, hỗ trợ tối đa hiệu suất ra sân của bạn.', '1', '0', '372'),
('32', 'Kelme Kelme Madrid #32', '1760000', '1584000', 'uploads/shoe_32.svg', 'Giày bóng đá Kelme Kelme Madrid chính hãng phiên bản #32 mang thiết kế hiện đại, chất liệu bền bỉ, hỗ trợ tối đa hiệu suất ra sân của bạn.', '2', '0', '384'),
('33', 'NMS NMS Classico #33', '1790000', '1521500', 'uploads/shoe_33.svg', 'Giày bóng đá NMS NMS Classico chính hãng phiên bản #33 mang thiết kế hiện đại, chất liệu bền bỉ, hỗ trợ tối đa hiệu suất ra sân của bạn.', '3', '0', '396'),
('34', 'Nike Tiempo Legend #34', '1820000', NULL, 'uploads/shoe_34.svg', 'Giày bóng đá Nike Tiempo Legend chính hãng phiên bản #34 mang thiết kế hiện đại, chất liệu bền bỉ, hỗ trợ tối đa hiệu suất ra sân của bạn.', '2', '0', '408'),
('35', 'Adidas Copa Pure #35', '1850000', NULL, 'uploads/shoe_35.svg', 'Giày bóng đá Adidas Copa Pure chính hãng phiên bản #35 mang thiết kế hiện đại, chất liệu bền bỉ, hỗ trợ tối đa hiệu suất ra sân của bạn.', '1', '1', '420'),
('36', 'Mizuno Morelia Sala #36', '1880000', '1598000', 'uploads/shoe_36.svg', 'Giày bóng đá Mizuno Morelia Sala chính hãng phiên bản #36 mang thiết kế hiện đại, chất liệu bền bỉ, hỗ trợ tối đa hiệu suất ra sân của bạn.', '3', '0', '432'),
('37', 'Puma Future Play #37', '1910000', NULL, 'uploads/shoe_37.svg', 'Giày bóng đá Puma Future Play chính hãng phiên bản #37 mang thiết kế hiện đại, chất liệu bền bỉ, hỗ trợ tối đa hiệu suất ra sân của bạn.', '1', '0', '444'),
('38', 'Kamito TA11 Pro #38', '1940000', NULL, 'uploads/shoe_38.svg', 'Giày bóng đá Kamito TA11 Pro chính hãng phiên bản #38 mang thiết kế hiện đại, chất liệu bền bỉ, hỗ trợ tối đa hiệu suất ra sân của bạn.', '2', '0', '456'),
('39', 'Zocker Zocker Space #39', '1970000', '1674500', 'uploads/shoe_39.svg', 'Giày bóng đá Zocker Zocker Space chính hãng phiên bản #39 mang thiết kế hiện đại, chất liệu bền bỉ, hỗ trợ tối đa hiệu suất ra sân của bạn.', '3', '0', '468'),
('40', 'Wika Wika Submax #40', '2000000', '1800000', 'uploads/shoe_40.svg', 'Giày bóng đá Wika Wika Submax chính hãng phiên bản #40 mang thiết kế hiện đại, chất liệu bền bỉ, hỗ trợ tối đa hiệu suất ra sân của bạn.', '2', '1', '480'),
('41', 'Pan Pan Vigor #41', '2030000', NULL, 'uploads/shoe_41.svg', 'Giày bóng đá Pan Pan Vigor chính hãng phiên bản #41 mang thiết kế hiện đại, chất liệu bền bỉ, hỗ trợ tối đa hiệu suất ra sân của bạn.', '1', '0', '492'),
('42', 'Jogarbola Jogarbola Koha #42', '2060000', '1751000', 'uploads/shoe_42.svg', 'Giày bóng đá Jogarbola Jogarbola Koha chính hãng phiên bản #42 mang thiết kế hiện đại, chất liệu bền bỉ, hỗ trợ tối đa hiệu suất ra sân của bạn.', '3', '0', '504'),
('43', 'Kelme Kelme Champion #43', '2090000', NULL, 'uploads/shoe_43.svg', 'Giày bóng đá Kelme Kelme Champion chính hãng phiên bản #43 mang thiết kế hiện đại, chất liệu bền bỉ, hỗ trợ tối đa hiệu suất ra sân của bạn.', '1', '0', '516'),
('44', 'NMS NMS Pro #44', '2120000', '1908000', 'uploads/shoe_44.svg', 'Giày bóng đá NMS NMS Pro chính hãng phiên bản #44 mang thiết kế hiện đại, chất liệu bền bỉ, hỗ trợ tối đa hiệu suất ra sân của bạn.', '2', '0', '528'),
('45', 'Nike Mercurial Vapor #45', '2150000', '1827500', 'uploads/shoe_45.svg', 'Giày bóng đá Nike Mercurial Vapor chính hãng phiên bản #45 mang thiết kế hiện đại, chất liệu bền bỉ, hỗ trợ tối đa hiệu suất ra sân của bạn.', '3', '1', '540'),
('46', 'Adidas F50 League #46', '2180000', NULL, 'uploads/shoe_46.svg', 'Giày bóng đá Adidas F50 League chính hãng phiên bản #46 mang thiết kế hiện đại, chất liệu bền bỉ, hỗ trợ tối đa hiệu suất ra sân của bạn.', '2', '0', '552'),
('47', 'Mizuno Monarcida Neo Select #47', '2210000', NULL, 'uploads/shoe_47.svg', 'Giày bóng đá Mizuno Monarcida Neo Select chính hãng phiên bản #47 mang thiết kế hiện đại, chất liệu bền bỉ, hỗ trợ tối đa hiệu suất ra sân của bạn.', '1', '0', '564'),
('48', 'Puma Future Ultimate #48', '2240000', '1904000', 'uploads/shoe_48.svg', 'Giày bóng đá Puma Future Ultimate chính hãng phiên bản #48 mang thiết kế hiện đại, chất liệu bền bỉ, hỗ trợ tối đa hiệu suất ra sân của bạn.', '3', '0', '576'),
('49', 'Kamito Velocidad II #49', '2270000', NULL, 'uploads/shoe_49.svg', 'Giày bóng đá Kamito Velocidad II chính hãng phiên bản #49 mang thiết kế hiện đại, chất liệu bền bỉ, hỗ trợ tối đa hiệu suất ra sân của bạn.', '1', '0', '588'),
('50', 'Zocker Winner #50', '2300000', NULL, 'uploads/shoe_50.svg', 'Giày bóng đá Zocker Winner chính hãng phiên bản #50 mang thiết kế hiện đại, chất liệu bền bỉ, hỗ trợ tối đa hiệu suất ra sân của bạn.', '2', '1', '600'),
('51', 'Wika Wika Legend #51', '2330000', '1980500', 'uploads/shoe_51.svg', 'Giày bóng đá Wika Wika Legend chính hãng phiên bản #51 mang thiết kế hiện đại, chất liệu bền bỉ, hỗ trợ tối đa hiệu suất ra sân của bạn.', '3', '0', '612'),
('52', 'Pan Pan Fighter #52', '2360000', '2124000', 'uploads/shoe_52.svg', 'Giày bóng đá Pan Pan Fighter chính hãng phiên bản #52 mang thiết kế hiện đại, chất liệu bền bỉ, hỗ trợ tối đa hiệu suất ra sân của bạn.', '2', '0', '624'),
('53', 'Jogarbola JGBL Color #53', '2390000', NULL, 'uploads/shoe_53.svg', 'Giày bóng đá Jogarbola JGBL Color chính hãng phiên bản #53 mang thiết kế hiện đại, chất liệu bền bỉ, hỗ trợ tối đa hiệu suất ra sân của bạn.', '1', '0', '636'),
('54', 'Kelme Kelme Intense #54', '2420000', '2057000', 'uploads/shoe_54.svg', 'Giày bóng đá Kelme Kelme Intense chính hãng phiên bản #54 mang thiết kế hiện đại, chất liệu bền bỉ, hỗ trợ tối đa hiệu suất ra sân của bạn.', '3', '0', '648'),
('55', 'NMS NMS Elite #55', '2450000', NULL, 'uploads/shoe_55.svg', 'Giày bóng đá NMS NMS Elite chính hãng phiên bản #55 mang thiết kế hiện đại, chất liệu bền bỉ, hỗ trợ tối đa hiệu suất ra sân của bạn.', '1', '1', '660'),
('56', 'Nike Air Zoom Superfly #56', '2480000', '2232000', 'uploads/shoe_56.svg', 'Giày bóng đá Nike Air Zoom Superfly chính hãng phiên bản #56 mang thiết kế hiện đại, chất liệu bền bỉ, hỗ trợ tối đa hiệu suất ra sân của bạn.', '2', '0', '672'),
('57', 'Adidas Predator Accuracy #57', '2510000', '2133500', 'uploads/shoe_57.svg', 'Giày bóng đá Adidas Predator Accuracy chính hãng phiên bản #57 mang thiết kế hiện đại, chất liệu bền bỉ, hỗ trợ tối đa hiệu suất ra sân của bạn.', '3', '0', '684'),
('58', 'Mizuno Mizuno Alpha #58', '2540000', NULL, 'uploads/shoe_58.svg', 'Giày bóng đá Mizuno Mizuno Alpha chính hãng phiên bản #58 mang thiết kế hiện đại, chất liệu bền bỉ, hỗ trợ tối đa hiệu suất ra sân của bạn.', '2', '0', '696'),
('59', 'Puma King Pro #59', '2570000', NULL, 'uploads/shoe_59.svg', 'Giày bóng đá Puma King Pro chính hãng phiên bản #59 mang thiết kế hiện đại, chất liệu bền bỉ, hỗ trợ tối đa hiệu suất ra sân của bạn.', '1', '0', '708'),
('60', 'Kamito Cobra #60', '2600000', '2210000', 'uploads/shoe_60.svg', 'Giày bóng đá Kamito Cobra chính hãng phiên bản #60 mang thiết kế hiện đại, chất liệu bền bỉ, hỗ trợ tối đa hiệu suất ra sân của bạn.', '3', '1', '720'),
('61', 'Zocker inspire Pro #61', '2630000', NULL, 'uploads/shoe_61.svg', 'Giày bóng đá Zocker inspire Pro chính hãng phiên bản #61 mang thiết kế hiện đại, chất liệu bền bỉ, hỗ trợ tối đa hiệu suất ra sân của bạn.', '1', '0', '732'),
('62', 'Wika Wika Flash #62', '2660000', NULL, 'uploads/shoe_62.svg', 'Giày bóng đá Wika Wika Flash chính hãng phiên bản #62 mang thiết kế hiện đại, chất liệu bền bỉ, hỗ trợ tối đa hiệu suất ra sân của bạn.', '2', '0', '744'),
('63', 'Pan Pan Super Sonic #63', '2690000', '2286500', 'uploads/shoe_63.svg', 'Giày bóng đá Pan Pan Super Sonic chính hãng phiên bản #63 mang thiết kế hiện đại, chất liệu bền bỉ, hỗ trợ tối đa hiệu suất ra sân của bạn.', '3', '0', '756'),
('64', 'Jogarbola Jogarbola Swift #64', '2720000', '2448000', 'uploads/shoe_64.svg', 'Giày bóng đá Jogarbola Jogarbola Swift chính hãng phiên bản #64 mang thiết kế hiện đại, chất liệu bền bỉ, hỗ trợ tối đa hiệu suất ra sân của bạn.', '2', '0', '768'),
('65', 'Kelme Kelme Star #65', '2750000', NULL, 'uploads/shoe_65.svg', 'Giày bóng đá Kelme Kelme Star chính hãng phiên bản #65 mang thiết kế hiện đại, chất liệu bền bỉ, hỗ trợ tối đa hiệu suất ra sân của bạn.', '1', '1', '780'),
('66', 'NMS NMS Captain #66', '2780000', '2363000', 'uploads/shoe_66.svg', 'Giày bóng đá NMS NMS Captain chính hãng phiên bản #66 mang thiết kế hiện đại, chất liệu bền bỉ, hỗ trợ tối đa hiệu suất ra sân của bạn.', '3', '0', '792'),
('67', 'Nike Phantom GX #67', '2810000', NULL, 'uploads/shoe_67.svg', 'Giày bóng đá Nike Phantom GX chính hãng phiên bản #67 mang thiết kế hiện đại, chất liệu bền bỉ, hỗ trợ tối đa hiệu suất ra sân của bạn.', '1', '0', '804'),
('68', 'Adidas X Crazyfast #68', '2840000', '2556000', 'uploads/shoe_68.svg', 'Giày bóng đá Adidas X Crazyfast chính hãng phiên bản #68 mang thiết kế hiện đại, chất liệu bền bỉ, hỗ trợ tối đa hiệu suất ra sân của bạn.', '2', '0', '816'),
('69', 'Quả Bóng Đá Kelme Mã 9086842', '420000', NULL, 'assets/images/ball_kelme_1_1782372758164.png', 'Quả bóng Kelme tiêu chuẩn, da PU bền bỉ, độ nảy tốt trên mọi mặt sân cỏ nhân tạo.', '4', '1', '150'),
('70', 'Quả Bóng Đá Kelme Mã 9886130', '370000', NULL, 'assets/images/ball_kelme_2_1782372767938.png', 'Bóng đá KELME dán nhiệt cao cấp, độ bám dính siêu tốt, không thấm nước.', '4', '1', '120'),
('71', 'Quả Bóng Đá Kelme MÃ 8101QU5001', '710000', NULL, 'assets/images/ball_kelme_3_1782372779163.png', 'Quả bóng chuẩn FIFA Quality, màu sắc nổi bật, cảm giác chạm bóng êm ái, thích hợp thi đấu chuyên nghiệp.', '4', '1', '300'),
('72', 'Quả Bóng Đá AFC Challenge League mã AFC25QU5000C', '2300000', '2100000', 'assets/images/ball_afc_4_1782372790473.png', 'Quả bóng chính thức giải đấu AFC Challenge League. Công nghệ dán nhiệt không đường may.', '4', '1', '500'),
('73', 'Giày Pickleball Asics Gel Dedicate 8 - 1042A257-300 - Xanh Mint/Trắng', '2300000', '1950000', 'uploads/asics_gel_dedicate_8_mint.svg', 'Giày chơi Pickleball Asics Gel Dedicate 8 chính hãng, phiên bản màu xanh mint thời thượng kết hợp đế cao su bám sân.', '5', '1', '350'),
('74', 'Giày Pickleball Asics Gel Dedicate 8 Wide - 1041A410-105 - White/Midnight', '2000000', '1650000', 'uploads/asics_gel_dedicate_8_wide.svg', 'Thiết kế bề ngang rộng (Wide) chuyên biệt cho người chân bè, mang lại cảm giác thoải mái khi di chuyển.', '5', '1', '290'),
('75', 'Giày Pickleball Asics Gel Game FF - 1041A489 101 - White/Black', '2000000', '1650000', 'uploads/asics_gel_game_ff_white_black.svg', 'Dòng sản phẩm Gel Game FF giảm chấn tối ưu, bám sân cực tốt cho các bước chạy nhanh nhẹn.', '5', '1', '410'),
('76', 'Giày Pickleball Nike Court Air Zoom Vapor Pro 3 Hc - FZ2161-101 - Trắng/Đen', '3500000', '2750000', 'uploads/nike_court_vapor_pro_3_black.svg', 'Giày chơi Pickleball Nike Court Air Zoom Vapor Pro 3 ôm sát bàn chân, đế bám sân cực tốt.', '5', '1', '480'),
('77', 'Giày Pickleball Nike Court Air Zoom Vapor Pro - CZ0220-133 - Màu Trắng Xanh Navy', '3000000', '2350000', 'uploads/nike_court_vapor_pro_navy.svg', 'Giày chơi Pickleball Nike Court Air Zoom Vapor Pro nhẹ nhàng, sắc nét cùng gam màu trắng xanh navy cổ điển.', '5', '1', '320'),
('78', 'Giày Pickleball Nike Court Lite 4 - FD6574-106 - Xanh/Trắng', '2070000', '1550000', 'uploads/nike_court_lite_4_blue.svg', 'Giày chơi Pickleball Nike Court Lite 4 chính hãng bền bỉ, êm ái cho người chơi phong trào.', '5', '1', '280'),
('79', 'Giày Pickleball Nike Vapor Pro 3 HC PRM - HV1376-100 - Màu Trắng Cam', '3000000', '2350000', 'uploads/nike_vapor_pro_3_orange.svg', 'Giày Pickleball Nike Vapor Pro 3 phiên bản Premium đặc sắc với điểm nhấn màu cam cá tính.', '5', '1', '310'),
('80', 'Giày Nike Court Air Zoom Vapor Pro 3 HC FZ2158-401 - Màu Tím Khoai Môn', '3000000', '2350000', 'uploads/nike_vapor_pro_3_purple.svg', 'Phiên bản màu tím khoai môn độc đáo, đệm khí Zoom Air êm ái phản hồi lực tốt.', '5', '1', '430'),
('81', 'Giày Pickleball Joma P.Stroke Men - PSTROS2502 - Màu Trắng', '1970000', '1450000', 'uploads/joma_p_stroke_white.svg', 'Giày chơi Pickleball Joma chính hãng bền bỉ, ôm chân thoải mái, chống lật cổ chân.', '5', '1', '195'),
('82', 'Vợt Pickleball Joola Agassi Pro V', '9400000', '5800000', 'uploads/joola_agassi_pro_v.svg', 'Vợt Pickleball Joola Agassi Pro V thiết kế vân carbon nhám hỗ trợ tạo xoáy cao, lõi 16mm/14mm cho khả năng kiểm soát tuyệt đối.', '5', '1', '480'),
('83', 'Vợt Pickleball Joola Hyperion Pro V', '9400000', '5800000', 'uploads/joola_hyperion_pro_v.svg', 'Dòng vợt Pickleball Joola Hyperion Pro V tối ưu lực đập bóng và diện tích điểm ngọt rộng.', '5', '1', '390'),
('84', 'Vợt Pickleball Joola Perseus Pro V', '9400000', '5800000', 'uploads/joola_perseus_pro_v.svg', 'Vợt Pickleball Joola Perseus Pro V được sử dụng bởi các vận động viên chuyên nghiệp hàng đầu.', '5', '1', '560'),
('85', 'Vợt Pickleball Voltano Apex Pro', '6000000', '3800000', 'uploads/voltano_apex_pro.svg', 'Vợt Voltano Apex Pro mang lại độ nảy tối ưu cùng khả năng trợ lực vượt trội.', '5', '0', '240'),
('86', 'Vợt Pickleball Zocker Aspire', '2900000', '1800000', 'uploads/zocker_aspire.svg', 'Vợt Zocker Aspire phom cán dài thời thượng, sợi thủy tinh kết hợp carbon.', '5', '0', '195'),
('87', 'Giày Pickleball Nike Court Vapor 12', '3800000', '2400000', 'uploads/nike_vapor_12.svg', 'Giày chơi Pickleball Nike Court Vapor 12 nhẹ nhàng, linh hoạt cho những bước chạy bứt tốc.', '5', '0', '215'),
('88', 'Giày Pickleball Babolat Jet Mach 4', '5000000', '3200000', 'uploads/babolat_jet_mach_4.svg', 'Giày chơi Pickleball Babolat Jet Mach 4 với công nghệ đế Michelin siêu bền bỉ.', '5', '1', '410'),
('89', 'Giày Pickleball Asics Court FF 3 -1041A370-106 - Trắng/Hồng/Xanh', '4200000', '3300000', 'uploads/asics_court_ff_3.svg', 'Giày Pickleball Asics Court FF 3 chính hãng thiết kế phom ôm chân, tăng độ linh hoạt khi di chuyển.', '5', '1', '520'),
('90', 'Giày Pickleball Asics Game FF Clay/OC - 1041A489-104 - White/Dark Neptune', '3000000', '1950000', 'uploads/asics_game_ff.svg', 'Giày Asics Game FF nhẹ nhàng, giảm chấn tối ưu cho những bước bứt tốc nhanh nhẹn.', '5', '1', '380'),
('91', 'Giày Pickleball Asics Gel Challenger 15 - 1042A294-102 - Màu Trắng', '3500000', '2399000', 'uploads/asics_gel_challenger_15.svg', 'Dòng sản phẩm Gel Challenger 15 độ bám vượt trội trên mọi bề mặt sân Pickleball.', '5', '1', '490'),
('92', 'Bóng Pickleball Joola 3S Dual - 3 Quả', '200000', '150000', 'uploads/pickleball_joola_3s_dual.svg', 'Bóng Pickleball Joola 3S Dual chuyên dụng độ bền cao, độ nảy chuẩn.', '5', '0', '180'),
('93', 'Hộp 3 Quả Bóng Pickleball Franklin Signature', '250000', '180000', 'uploads/pickleball_franklin_sig.svg', 'Bóng Franklin Signature tiêu chuẩn thi đấu USAPA.', '5', '0', '140'),
('94', 'Bóng Pickleball Facolos Elite - Hộp 6 Quả', '500000', '350000', 'uploads/pickleball_facolos_elite.svg', 'Bóng Facolos Elite hộp 6 quả, độ nảy và phom tròn hoàn hảo.', '5', '0', '220'),
('95', 'Balo Pickleball Joola Backpack', '1200000', '850000', 'uploads/pickleball_joola_backpack.svg', 'Balo đựng vợt Pickleball Joola thời trang kháng nước cực tốt.', '5', '0', '160'),
('96', 'Vợt Pickleball Selkirk Vanguard', '4800000', '3900000', 'uploads/pickleball_selkirk_vanguard.svg', 'Vợt Selkirk Vanguard cao cấp mặt sợi carbon siêu êm.', '5', '1', '310'),
('97', 'Vợt Pickleball Facolos Elite', '3800000', '2900000', 'uploads/pickleball_facolos_elite.svg', 'Vợt Facolos Elite trợ lực đập bóng cực mạnh mẽ.', '5', '0', '275'),
('98', 'Vợt Pickleball Kamito Dominus', '2100000', '1500000', 'uploads/pickleball_kamito_dominus.svg', 'Vợt Kamito Dominus phom đầm tay cho người mới bắt đầu.', '5', '0', '230'),
('99', 'Giày Pickleball Asics Gel Game FF - 1041A489-103 - White/Dark Cobalt', '3000000', '1650000', 'uploads/asics_gel_game_ff_cobalt.svg', 'Giày chơi Pickleball Asics Gel Game FF cao cấp, thiết kế thăng bằng ổn định.', '5', '0', '195'),
('100', 'Giày Pickleball Asics Gel Game GS 1044A083 - 110 White Greyish Purple', '2500000', '1350000', 'uploads/asics_gel_game_gs_purple.svg', 'Giày chơi Pickleball trẻ em và thiếu niên Asics Gel Game GS siêu êm nhẹ.', '5', '0', '110'),
('101', 'Giày Pickleball Asics Gel Resolution X GS 1044A081 - 400', '3000000', '1650000', 'uploads/asics_gel_resolution_x.svg', 'Giày chơi Pickleball Asics Gel Resolution X GS hỗ trợ kiểm soát bước chạy và bảo vệ mắt cá.', '5', '0', '240'),
('102', 'Giày Pickleball Asics Gel Game GS 1044A052 - 406 Teal Blue/White', '2600000', '1400000', 'uploads/asics_gel_game_gs_teal.svg', 'Giày Pickleball Asics Gel Game GS màu xanh ngọc thời thượng bám sân.', '5', '0', '165'),
('103', 'Giày Pickleball Asics Upcourt 6 - 1074A045 701 - Màu hồng', '2600000', '1699000', 'uploads/asics_upcourt_6_pink.svg', 'Giày Pickleball nữ Asics Upcourt 6 sắc hồng xinh xắn bền bỉ.', '5', '0', '180'),
('104', 'Giày đá bóng cỏ nhân tạo Adidas F50 Messi League TF El Ultimo Tango - Ivory/Semi Blue Burst/Icey Blue IH1903', '2700000', '2450000', 'uploads/adidas_f50_messi_tf.png', 'Giày đá bóng cỏ nhân tạo Adidas F50 Messi League TF chính hãng màu trắng xanh sang trọng.', '1', '1', '450'),
('105', 'Giày đá bóng cỏ nhân tạo Adidas F50 Hyperfast League TF Road to Glory - Solar Turbo/Core Black/Gold Metallic IH4582', '2600000', '2350000', 'uploads/adidas_f50_hyperfast_tf.png', 'Giày Adidas F50 Hyperfast League TF Road to Glory phiên bản màu hồng cá tính nổi bật.', '1', '1', '390'),
('106', 'Giày đá bóng cỏ nhân tạo Adidas Predator League Fold-over Tongue TF Road to Glory - Solar Turbo/Thermal Chrome/Core Black IH7212', '2700000', '2350000', 'uploads/adidas_predator_tf.png', 'Giày Adidas Predator League Fold-over Tongue TF Road to Glory có lưỡi gà gập cổ điển cực đẹp.', '1', '1', '420'),
('107', 'Giày đá bóng cỏ nhân tạo Nike Phantom 6 Pro Low Cut TF Breakout - Pink/White/Black IQ2155-900', '4109000', '3250000', 'uploads/nike_phantom_g_pro_tf.png', 'Giày bóng đá Nike Phantom 6 Pro Low Cut TF Breakout màu hồng trắng đen cao cấp chuyên nghiệp.', '1', '1', '510'),
('108', 'Giày đá bóng cỏ nhân tạo Nike Tiempo Ligera Pro TF Breakout - Pink/Black IQ2384-901', '4239000', '3350000', 'uploads/nike_tiempo_ligera_tf.png', 'Dòng giày da bê thật Nike Tiempo Ligera Pro TF Breakout êm ái ôm khít bàn chân bè.', '1', '0', '310'),
('109', 'Giày đá bóng cỏ nhân tạo Nike Tiempo Maestro Academy TF Breakout - Pink/Black IQ2388-901', '2479000', '2250000', 'uploads/nike_tiempo_maestro_tf.png', 'Giày bóng đá Nike Tiempo Maestro Academy TF Breakout chính hãng bền bỉ.', '1', '0', '280'),
('110', 'Giày đá bóng cỏ nhân tạo Nike Phantom 6 Academy Low Cut TF Breakout - Pink/White/Black IQ2399-900', '2629000', '2450000', 'uploads/nike_phantom_g_academy_tf.png', 'Giày Nike Phantom 6 Academy Low Cut TF Breakout màu hồng bám sân cỏ nhân tạo cực tốt.', '1', '0', '330'),
('111', 'Giày đá bóng cỏ nhân tạo Zocker Winner Energy Gen II - Dark Blue SNS-010-DB', '699000', NULL, 'uploads/zocker_winner_energy_db.png', 'Giày bóng đá Zocker Winner Energy Gen II thiết kế màu xanh dương đậm khỏe khoắn độ bền cao.', '1', '0', '190'),
('120', 'Giày Nike Freak 5 \'Alphabet Bros\' DX4985-600', '3200000', '2880000', 'uploads/sneaker_1.svg', 'Giày Sneaker thể thao chính hãng cao cấp, thiết kế phom dáng ôm chân cực êm ái, bám đường tốt, phù hợp đi chơi và vận động thể thao.', '6', '1', '323'),
('121', 'Giày Nike SB Air Max Ishod \'Silver Bullet\' HF3062-001', '3390000', NULL, 'uploads/sneaker_2.svg', 'Giày Sneaker thể thao chính hãng cao cấp, thiết kế phom dáng ôm chân cực êm ái, bám đường tốt, phù hợp đi chơi và vận động thể thao.', '6', '1', '680'),
('122', 'Giày Nike Air Max DN \'Black White\' (WMNS) FJ3145-002', '4200000', NULL, 'uploads/sneaker_3.svg', 'Giày Sneaker thể thao chính hãng cao cấp, thiết kế phom dáng ôm chân cực êm ái, bám đường tốt, phù hợp đi chơi và vận động thể thao.', '6', '1', '306'),
('123', 'Giày Li-Ning cầu lông Feiying AYTU001-4', '1190000', '1071000', 'uploads/sneaker_4.svg', 'Giày Sneaker thể thao chính hãng cao cấp, thiết kế phom dáng ôm chân cực êm ái, bám đường tốt, phù hợp đi chơi và vận động thể thao.', '6', '1', '256'),
('124', 'Giày Air Jordan 1 Mid SE Craft \'Inside Out - White Sail\' DM9652-120', '3900000', NULL, 'uploads/sneaker_5.svg', 'Giày Sneaker thể thao chính hãng cao cấp, thiết kế phom dáng ôm chân cực êm ái, bám đường tốt, phù hợp đi chơi và vận động thể thao.', '6', '1', '165'),
('125', 'Giày New Balance 878 \'Navy Silver\' CM878KE1', '2290000', NULL, 'uploads/sneaker_6.svg', 'Giày Sneaker thể thao chính hãng cao cấp, thiết kế phom dáng ôm chân cực êm ái, bám đường tốt, phù hợp đi chơi và vận động thể thao.', '6', '1', '510'),
('126', 'Giày Nike Air Force 1 Boot NN \'Dark Smoke Grey Crater\' DD0747-001', '9890000', '8901000', 'uploads/sneaker_7.svg', 'Giày Sneaker thể thao chính hãng cao cấp, thiết kế phom dáng ôm chân cực êm ái, bám đường tốt, phù hợp đi chơi và vận động thể thao.', '6', '1', '299'),
('127', 'Giày Air Jordan 1 Low \'Denim\' IH0648-141', '3090000', NULL, 'uploads/sneaker_8.svg', 'Giày Sneaker thể thao chính hãng cao cấp, thiết kế phom dáng ôm chân cực êm ái, bám đường tốt, phù hợp đi chơi và vận động thể thao.', '6', '1', '440'),
('128', 'Giày Air Jordan 1 Low \'Pine Green\' 553558-301', '11490000', NULL, 'uploads/sneaker_9.svg', 'Giày Sneaker thể thao chính hãng cao cấp, thiết kế phom dáng ôm chân cực êm ái, bám đường tốt, phù hợp đi chơi và vận động thể thao.', '6', '1', '240'),
('129', 'Giày Li-Ning Blade DF-01 Pro \'White Blue Red\' AYAT005-1', '2290000', '2061000', 'uploads/sneaker_10.svg', 'Giày Sneaker thể thao chính hãng cao cấp, thiết kế phom dáng ôm chân cực êm ái, bám đường tốt, phù hợp đi chơi và vận động thể thao.', '6', '1', '613'),
('130', 'Giày Jordan Super Speed #11', '2080000', NULL, 'uploads/sneaker_11.svg', 'Giày Sneaker thể thao chính hãng cao cấp, thiết kế phom dáng ôm chân cực êm ái, bám đường tốt, phù hợp đi chơi và vận động thể thao.', '6', '0', '166'),
('131', 'Giày Li-Ning City Walk #12', '3370000', NULL, 'uploads/sneaker_12.svg', 'Giày Sneaker thể thao chính hãng cao cấp, thiết kế phom dáng ôm chân cực êm ái, bám đường tốt, phù hợp đi chơi và vận động thể thao.', '6', '0', '259'),
('132', 'Giày New Balance Style Runner #13', '4140000', '3519000', 'uploads/sneaker_13.svg', 'Giày Sneaker thể thao chính hãng cao cấp, thiết kế phom dáng ôm chân cực êm ái, bám đường tốt, phù hợp đi chơi và vận động thể thao.', '6', '0', '291'),
('133', 'Giày Puma Flex Comfort #14', '2290000', NULL, 'uploads/sneaker_14.svg', 'Giày Sneaker thể thao chính hãng cao cấp, thiết kế phom dáng ôm chân cực êm ái, bám đường tốt, phù hợp đi chơi và vận động thể thao.', '6', '0', '265'),
('134', 'Giày Mizuno Court Pro #15', '4030000', NULL, 'uploads/sneaker_15.svg', 'Giày Sneaker thể thao chính hãng cao cấp, thiết kế phom dáng ôm chân cực êm ái, bám đường tốt, phù hợp đi chơi và vận động thể thao.', '6', '0', '639'),
('135', 'Giày Asics Air Max Zoom #16', '2300000', '1955000', 'uploads/sneaker_16.svg', 'Giày Sneaker thể thao chính hãng cao cấp, thiết kế phom dáng ôm chân cực êm ái, bám đường tốt, phù hợp đi chơi và vận động thể thao.', '6', '0', '433'),
('136', 'Giày Nike Retro Classic #17', '2850000', NULL, 'uploads/sneaker_17.svg', 'Giày Sneaker thể thao chính hãng cao cấp, thiết kế phom dáng ôm chân cực êm ái, bám đường tốt, phù hợp đi chơi và vận động thể thao.', '6', '0', '324'),
('137', 'Giày Adidas Super Speed #18', '2230000', NULL, 'uploads/sneaker_18.svg', 'Giày Sneaker thể thao chính hãng cao cấp, thiết kế phom dáng ôm chân cực êm ái, bám đường tốt, phù hợp đi chơi và vận động thể thao.', '6', '0', '176'),
('138', 'Giày Jordan City Walk #19', '3250000', '2762500', 'uploads/sneaker_19.svg', 'Giày Sneaker thể thao chính hãng cao cấp, thiết kế phom dáng ôm chân cực êm ái, bám đường tốt, phù hợp đi chơi và vận động thể thao.', '6', '0', '302'),
('139', 'Giày Li-Ning Style Runner #20', '1500000', NULL, 'uploads/sneaker_20.svg', 'Giày Sneaker thể thao chính hãng cao cấp, thiết kế phom dáng ôm chân cực êm ái, bám đường tốt, phù hợp đi chơi và vận động thể thao.', '6', '0', '642'),
('140', 'Giày New Balance Flex Comfort #21', '2050000', NULL, 'uploads/sneaker_21.svg', 'Giày Sneaker thể thao chính hãng cao cấp, thiết kế phom dáng ôm chân cực êm ái, bám đường tốt, phù hợp đi chơi và vận động thể thao.', '6', '0', '532'),
('141', 'Giày Puma Court Pro #22', '4260000', '3621000', 'uploads/sneaker_22.svg', 'Giày Sneaker thể thao chính hãng cao cấp, thiết kế phom dáng ôm chân cực êm ái, bám đường tốt, phù hợp đi chơi và vận động thể thao.', '6', '0', '634'),
('142', 'Giày Mizuno Air Max Zoom #23', '2630000', NULL, 'uploads/sneaker_23.svg', 'Giày Sneaker thể thao chính hãng cao cấp, thiết kế phom dáng ôm chân cực êm ái, bám đường tốt, phù hợp đi chơi và vận động thể thao.', '6', '0', '249'),
('143', 'Giày Asics Retro Classic #24', '2730000', NULL, 'uploads/sneaker_24.svg', 'Giày Sneaker thể thao chính hãng cao cấp, thiết kế phom dáng ôm chân cực êm ái, bám đường tốt, phù hợp đi chơi và vận động thể thao.', '6', '0', '642'),
('144', 'Giày Nike Super Speed #25', '2530000', '2150500', 'uploads/sneaker_25.svg', 'Giày Sneaker thể thao chính hãng cao cấp, thiết kế phom dáng ôm chân cực êm ái, bám đường tốt, phù hợp đi chơi và vận động thể thao.', '6', '0', '653'),
('145', 'Giày Adidas City Walk #26', '1640000', NULL, 'uploads/sneaker_26.svg', 'Giày Sneaker thể thao chính hãng cao cấp, thiết kế phom dáng ôm chân cực êm ái, bám đường tốt, phù hợp đi chơi và vận động thể thao.', '6', '0', '439'),
('146', 'Giày Jordan Style Runner #27', '1520000', NULL, 'uploads/sneaker_27.svg', 'Giày Sneaker thể thao chính hãng cao cấp, thiết kế phom dáng ôm chân cực êm ái, bám đường tốt, phù hợp đi chơi và vận động thể thao.', '6', '0', '573'),
('147', 'Giày Li-Ning Flex Comfort #28', '1710000', '1453500', 'uploads/sneaker_28.svg', 'Giày Sneaker thể thao chính hãng cao cấp, thiết kế phom dáng ôm chân cực êm ái, bám đường tốt, phù hợp đi chơi và vận động thể thao.', '6', '0', '258'),
('148', 'Giày New Balance Court Pro #29', '2700000', NULL, 'uploads/sneaker_29.svg', 'Giày Sneaker thể thao chính hãng cao cấp, thiết kế phom dáng ôm chân cực êm ái, bám đường tốt, phù hợp đi chơi và vận động thể thao.', '6', '0', '644'),
('149', 'Giày Puma Air Max Zoom #30', '3210000', NULL, 'uploads/sneaker_30.svg', 'Giày Sneaker thể thao chính hãng cao cấp, thiết kế phom dáng ôm chân cực êm ái, bám đường tốt, phù hợp đi chơi và vận động thể thao.', '6', '0', '489'),
('150', 'Giày Mizuno Retro Classic #31', '1620000', '1377000', 'uploads/sneaker_31.svg', 'Giày Sneaker thể thao chính hãng cao cấp, thiết kế phom dáng ôm chân cực êm ái, bám đường tốt, phù hợp đi chơi và vận động thể thao.', '6', '0', '644'),
('151', 'Giày Asics Super Speed #32', '4100000', NULL, 'uploads/sneaker_32.svg', 'Giày Sneaker thể thao chính hãng cao cấp, thiết kế phom dáng ôm chân cực êm ái, bám đường tốt, phù hợp đi chơi và vận động thể thao.', '6', '0', '746'),
('152', 'Giày Nike City Walk #33', '3530000', NULL, 'uploads/sneaker_33.svg', 'Giày Sneaker thể thao chính hãng cao cấp, thiết kế phom dáng ôm chân cực êm ái, bám đường tốt, phù hợp đi chơi và vận động thể thao.', '6', '0', '263'),
('153', 'Giày Adidas Style Runner #34', '3700000', '3145000', 'uploads/sneaker_34.svg', 'Giày Sneaker thể thao chính hãng cao cấp, thiết kế phom dáng ôm chân cực êm ái, bám đường tốt, phù hợp đi chơi và vận động thể thao.', '6', '0', '340'),
('154', 'Giày Jordan Flex Comfort #35', '2760000', NULL, 'uploads/sneaker_35.svg', 'Giày Sneaker thể thao chính hãng cao cấp, thiết kế phom dáng ôm chân cực êm ái, bám đường tốt, phù hợp đi chơi và vận động thể thao.', '6', '0', '741'),
('155', 'Giày Li-Ning Court Pro #36', '3160000', NULL, 'uploads/sneaker_36.svg', 'Giày Sneaker thể thao chính hãng cao cấp, thiết kế phom dáng ôm chân cực êm ái, bám đường tốt, phù hợp đi chơi và vận động thể thao.', '6', '0', '289'),
('156', 'Giày New Balance Air Max Zoom #37', '2680000', '2278000', 'uploads/sneaker_37.svg', 'Giày Sneaker thể thao chính hãng cao cấp, thiết kế phom dáng ôm chân cực êm ái, bám đường tốt, phù hợp đi chơi và vận động thể thao.', '6', '0', '463'),
('157', 'Giày Puma Retro Classic #38', '3530000', NULL, 'uploads/sneaker_38.svg', 'Giày Sneaker thể thao chính hãng cao cấp, thiết kế phom dáng ôm chân cực êm ái, bám đường tốt, phù hợp đi chơi và vận động thể thao.', '6', '0', '424'),
('158', 'Giày Mizuno Super Speed #39', '2770000', NULL, 'uploads/sneaker_39.svg', 'Giày Sneaker thể thao chính hãng cao cấp, thiết kế phom dáng ôm chân cực êm ái, bám đường tốt, phù hợp đi chơi và vận động thể thao.', '6', '0', '249'),
('159', 'Giày Asics City Walk #40', '3250000', '2762500', 'uploads/sneaker_40.svg', 'Giày Sneaker thể thao chính hãng cao cấp, thiết kế phom dáng ôm chân cực êm ái, bám đường tốt, phù hợp đi chơi và vận động thể thao.', '6', '0', '561'),
('160', 'Giày Nike Style Runner #41', '2470000', NULL, 'uploads/sneaker_41.svg', 'Giày Sneaker thể thao chính hãng cao cấp, thiết kế phom dáng ôm chân cực êm ái, bám đường tốt, phù hợp đi chơi và vận động thể thao.', '6', '0', '484'),
('161', 'Giày Adidas Flex Comfort #42', '2180000', NULL, 'uploads/sneaker_42.svg', 'Giày Sneaker thể thao chính hãng cao cấp, thiết kế phom dáng ôm chân cực êm ái, bám đường tốt, phù hợp đi chơi và vận động thể thao.', '6', '0', '283'),
('162', 'Giày Jordan Court Pro #43', '2120000', '1802000', 'uploads/sneaker_43.svg', 'Giày Sneaker thể thao chính hãng cao cấp, thiết kế phom dáng ôm chân cực êm ái, bám đường tốt, phù hợp đi chơi và vận động thể thao.', '6', '0', '358'),
('163', 'Giày Li-Ning Air Max Zoom #44', '1590000', NULL, 'uploads/sneaker_44.svg', 'Giày Sneaker thể thao chính hãng cao cấp, thiết kế phom dáng ôm chân cực êm ái, bám đường tốt, phù hợp đi chơi và vận động thể thao.', '6', '0', '672'),
('164', 'Giày New Balance Retro Classic #45', '2570000', NULL, 'uploads/sneaker_45.svg', 'Giày Sneaker thể thao chính hãng cao cấp, thiết kế phom dáng ôm chân cực êm ái, bám đường tốt, phù hợp đi chơi và vận động thể thao.', '6', '0', '621'),
('165', 'Giày Puma Super Speed #46', '2040000', '1734000', 'uploads/sneaker_46.svg', 'Giày Sneaker thể thao chính hãng cao cấp, thiết kế phom dáng ôm chân cực êm ái, bám đường tốt, phù hợp đi chơi và vận động thể thao.', '6', '0', '764'),
('166', 'Giày Mizuno City Walk #47', '2390000', NULL, 'uploads/sneaker_47.svg', 'Giày Sneaker thể thao chính hãng cao cấp, thiết kế phom dáng ôm chân cực êm ái, bám đường tốt, phù hợp đi chơi và vận động thể thao.', '6', '0', '575'),
('167', 'Giày Asics Style Runner #48', '3210000', NULL, 'uploads/sneaker_48.svg', 'Giày Sneaker thể thao chính hãng cao cấp, thiết kế phom dáng ôm chân cực êm ái, bám đường tốt, phù hợp đi chơi và vận động thể thao.', '6', '0', '699'),
('168', 'Giày Nike Flex Comfort #49', '2850000', '2422500', 'uploads/sneaker_49.svg', 'Giày Sneaker thể thao chính hãng cao cấp, thiết kế phom dáng ôm chân cực êm ái, bám đường tốt, phù hợp đi chơi và vận động thể thao.', '6', '0', '727'),
('169', 'Giày Adidas Court Pro #50', '3320000', NULL, 'uploads/sneaker_50.svg', 'Giày Sneaker thể thao chính hãng cao cấp, thiết kế phom dáng ôm chân cực êm ái, bám đường tốt, phù hợp đi chơi và vận động thể thao.', '6', '0', '570'),
('170', 'Giày Jordan Air Max Zoom #51', '1970000', NULL, 'uploads/sneaker_51.svg', 'Giày Sneaker thể thao chính hãng cao cấp, thiết kế phom dáng ôm chân cực êm ái, bám đường tốt, phù hợp đi chơi và vận động thể thao.', '6', '0', '354'),
('171', 'Giày Li-Ning Retro Classic #52', '3470000', '2949500', 'uploads/sneaker_52.svg', 'Giày Sneaker thể thao chính hãng cao cấp, thiết kế phom dáng ôm chân cực êm ái, bám đường tốt, phù hợp đi chơi và vận động thể thao.', '6', '0', '418'),
('172', 'Giày New Balance Super Speed #53', '2400000', NULL, 'uploads/sneaker_53.svg', 'Giày Sneaker thể thao chính hãng cao cấp, thiết kế phom dáng ôm chân cực êm ái, bám đường tốt, phù hợp đi chơi và vận động thể thao.', '6', '0', '671'),
('173', 'Giày Puma City Walk #54', '3520000', NULL, 'uploads/sneaker_54.svg', 'Giày Sneaker thể thao chính hãng cao cấp, thiết kế phom dáng ôm chân cực êm ái, bám đường tốt, phù hợp đi chơi và vận động thể thao.', '6', '0', '518'),
('174', 'Giày Mizuno Style Runner #55', '1860000', '1581000', 'uploads/sneaker_55.svg', 'Giày Sneaker thể thao chính hãng cao cấp, thiết kế phom dáng ôm chân cực êm ái, bám đường tốt, phù hợp đi chơi và vận động thể thao.', '6', '0', '604'),
('175', 'Giày Asics Flex Comfort #56', '1530000', NULL, 'uploads/sneaker_56.svg', 'Giày Sneaker thể thao chính hãng cao cấp, thiết kế phom dáng ôm chân cực êm ái, bám đường tốt, phù hợp đi chơi và vận động thể thao.', '6', '0', '563'),
('176', 'Giày Nike Court Pro #57', '3030000', NULL, 'uploads/sneaker_57.svg', 'Giày Sneaker thể thao chính hãng cao cấp, thiết kế phom dáng ôm chân cực êm ái, bám đường tốt, phù hợp đi chơi và vận động thể thao.', '6', '0', '266'),
('177', 'Giày Adidas Air Max Zoom #58', '1900000', '1615000', 'uploads/sneaker_58.svg', 'Giày Sneaker thể thao chính hãng cao cấp, thiết kế phom dáng ôm chân cực êm ái, bám đường tốt, phù hợp đi chơi và vận động thể thao.', '6', '0', '365'),
('178', 'Giày Jordan Retro Classic #59', '4070000', NULL, 'uploads/sneaker_59.svg', 'Giày Sneaker thể thao chính hãng cao cấp, thiết kế phom dáng ôm chân cực êm ái, bám đường tốt, phù hợp đi chơi và vận động thể thao.', '6', '0', '255'),
('179', 'Giày Li-Ning Super Speed #60', '4060000', NULL, 'uploads/sneaker_60.svg', 'Giày Sneaker thể thao chính hãng cao cấp, thiết kế phom dáng ôm chân cực êm ái, bám đường tốt, phù hợp đi chơi và vận động thể thao.', '6', '0', '674'),
('180', 'Giày New Balance City Walk #61', '1510000', '1283500', 'uploads/sneaker_61.svg', 'Giày Sneaker thể thao chính hãng cao cấp, thiết kế phom dáng ôm chân cực êm ái, bám đường tốt, phù hợp đi chơi và vận động thể thao.', '6', '0', '233'),
('181', 'Giày Puma Style Runner #62', '2390000', NULL, 'uploads/sneaker_62.svg', 'Giày Sneaker thể thao chính hãng cao cấp, thiết kế phom dáng ôm chân cực êm ái, bám đường tốt, phù hợp đi chơi và vận động thể thao.', '6', '0', '506'),
('182', 'Giày Mizuno Flex Comfort #63', '2970000', NULL, 'uploads/sneaker_63.svg', 'Giày Sneaker thể thao chính hãng cao cấp, thiết kế phom dáng ôm chân cực êm ái, bám đường tốt, phù hợp đi chơi và vận động thể thao.', '6', '0', '656'),
('183', 'Giày Asics Court Pro #64', '2200000', '1870000', 'uploads/sneaker_64.svg', 'Giày Sneaker thể thao chính hãng cao cấp, thiết kế phom dáng ôm chân cực êm ái, bám đường tốt, phù hợp đi chơi và vận động thể thao.', '6', '0', '572'),
('184', 'Giày Nike Air Max Zoom #65', '4090000', NULL, 'uploads/sneaker_65.svg', 'Giày Sneaker thể thao chính hãng cao cấp, thiết kế phom dáng ôm chân cực êm ái, bám đường tốt, phù hợp đi chơi và vận động thể thao.', '6', '0', '746'),
('185', 'Giày Adidas Retro Classic #66', '3830000', NULL, 'uploads/sneaker_66.svg', 'Giày Sneaker thể thao chính hãng cao cấp, thiết kế phom dáng ôm chân cực êm ái, bám đường tốt, phù hợp đi chơi và vận động thể thao.', '6', '0', '422'),
('186', 'Giày Jordan Super Speed #67', '4470000', '3799500', 'uploads/sneaker_67.svg', 'Giày Sneaker thể thao chính hãng cao cấp, thiết kế phom dáng ôm chân cực êm ái, bám đường tốt, phù hợp đi chơi và vận động thể thao.', '6', '0', '736'),
('187', 'Giày Li-Ning City Walk #68', '4260000', NULL, 'uploads/sneaker_68.svg', 'Giày Sneaker thể thao chính hãng cao cấp, thiết kế phom dáng ôm chân cực êm ái, bám đường tốt, phù hợp đi chơi và vận động thể thao.', '6', '0', '178'),
('188', 'Giày New Balance Style Runner #69', '3120000', NULL, 'uploads/sneaker_69.svg', 'Giày Sneaker thể thao chính hãng cao cấp, thiết kế phom dáng ôm chân cực êm ái, bám đường tốt, phù hợp đi chơi và vận động thể thao.', '6', '0', '288'),
('189', 'Giày Puma Flex Comfort #70', '2690000', '2286500', 'uploads/sneaker_70.svg', 'Giày Sneaker thể thao chính hãng cao cấp, thiết kế phom dáng ôm chân cực êm ái, bám đường tốt, phù hợp đi chơi và vận động thể thao.', '6', '0', '651'),
('190', 'Giày Mizuno Court Pro #71', '3620000', NULL, 'uploads/sneaker_71.svg', 'Giày Sneaker thể thao chính hãng cao cấp, thiết kế phom dáng ôm chân cực êm ái, bám đường tốt, phù hợp đi chơi và vận động thể thao.', '6', '0', '766'),
('191', 'Giày Asics Air Max Zoom #72', '2320000', NULL, 'uploads/sneaker_72.svg', 'Giày Sneaker thể thao chính hãng cao cấp, thiết kế phom dáng ôm chân cực êm ái, bám đường tốt, phù hợp đi chơi và vận động thể thao.', '6', '0', '174'),
('192', 'Giày Nike Retro Classic #73', '3100000', '2635000', 'uploads/sneaker_73.svg', 'Giày Sneaker thể thao chính hãng cao cấp, thiết kế phom dáng ôm chân cực êm ái, bám đường tốt, phù hợp đi chơi và vận động thể thao.', '6', '0', '237'),
('193', 'Giày Adidas Super Speed #74', '1840000', NULL, 'uploads/sneaker_74.svg', 'Giày Sneaker thể thao chính hãng cao cấp, thiết kế phom dáng ôm chân cực êm ái, bám đường tốt, phù hợp đi chơi và vận động thể thao.', '6', '0', '522'),
('194', 'Giày Jordan City Walk #75', '2160000', NULL, 'uploads/sneaker_75.svg', 'Giày Sneaker thể thao chính hãng cao cấp, thiết kế phom dáng ôm chân cực êm ái, bám đường tốt, phù hợp đi chơi và vận động thể thao.', '6', '0', '624'),
('195', 'Giày Li-Ning Style Runner #76', '3070000', '2609500', 'uploads/sneaker_76.svg', 'Giày Sneaker thể thao chính hãng cao cấp, thiết kế phom dáng ôm chân cực êm ái, bám đường tốt, phù hợp đi chơi và vận động thể thao.', '6', '0', '764'),
('196', 'Giày New Balance Flex Comfort #77', '4150000', NULL, 'uploads/sneaker_77.svg', 'Giày Sneaker thể thao chính hãng cao cấp, thiết kế phom dáng ôm chân cực êm ái, bám đường tốt, phù hợp đi chơi và vận động thể thao.', '6', '0', '792'),
('197', 'Giày Puma Court Pro #78', '2840000', NULL, 'uploads/sneaker_78.svg', 'Giày Sneaker thể thao chính hãng cao cấp, thiết kế phom dáng ôm chân cực êm ái, bám đường tốt, phù hợp đi chơi và vận động thể thao.', '6', '0', '471'),
('198', 'Giày Mizuno Air Max Zoom #79', '2570000', '2184500', 'uploads/sneaker_79.svg', 'Giày Sneaker thể thao chính hãng cao cấp, thiết kế phom dáng ôm chân cực êm ái, bám đường tốt, phù hợp đi chơi và vận động thể thao.', '6', '0', '374'),
('199', 'Giày Asics Retro Classic #80', '2160000', NULL, 'uploads/sneaker_80.svg', 'Giày Sneaker thể thao chính hãng cao cấp, thiết kế phom dáng ôm chân cực êm ái, bám đường tốt, phù hợp đi chơi và vận động thể thao.', '6', '0', '440'),
('200', 'Giày Nike Super Speed #81', '2420000', NULL, 'uploads/sneaker_81.svg', 'Giày Sneaker thể thao chính hãng cao cấp, thiết kế phom dáng ôm chân cực êm ái, bám đường tốt, phù hợp đi chơi và vận động thể thao.', '6', '0', '608'),
('201', 'Giày Adidas City Walk #82', '2170000', '1844500', 'uploads/sneaker_82.svg', 'Giày Sneaker thể thao chính hãng cao cấp, thiết kế phom dáng ôm chân cực êm ái, bám đường tốt, phù hợp đi chơi và vận động thể thao.', '6', '0', '159'),
('202', 'Giày Jordan Style Runner #83', '1820000', NULL, 'uploads/sneaker_83.svg', 'Giày Sneaker thể thao chính hãng cao cấp, thiết kế phom dáng ôm chân cực êm ái, bám đường tốt, phù hợp đi chơi và vận động thể thao.', '6', '0', '130'),
('203', 'Giày Li-Ning Flex Comfort #84', '2960000', NULL, 'uploads/sneaker_84.svg', 'Giày Sneaker thể thao chính hãng cao cấp, thiết kế phom dáng ôm chân cực êm ái, bám đường tốt, phù hợp đi chơi và vận động thể thao.', '6', '0', '242'),
('204', 'Giày New Balance Court Pro #85', '1520000', '1292000', 'uploads/sneaker_85.svg', 'Giày Sneaker thể thao chính hãng cao cấp, thiết kế phom dáng ôm chân cực êm ái, bám đường tốt, phù hợp đi chơi và vận động thể thao.', '6', '0', '705'),
('205', 'Giày Puma Air Max Zoom #86', '1970000', NULL, 'uploads/sneaker_86.svg', 'Giày Sneaker thể thao chính hãng cao cấp, thiết kế phom dáng ôm chân cực êm ái, bám đường tốt, phù hợp đi chơi và vận động thể thao.', '6', '0', '607'),
('206', 'Giày Mizuno Retro Classic #87', '3520000', NULL, 'uploads/sneaker_87.svg', 'Giày Sneaker thể thao chính hãng cao cấp, thiết kế phom dáng ôm chân cực êm ái, bám đường tốt, phù hợp đi chơi và vận động thể thao.', '6', '0', '773'),
('207', 'Giày Asics Super Speed #88', '3020000', '2567000', 'uploads/sneaker_88.svg', 'Giày Sneaker thể thao chính hãng cao cấp, thiết kế phom dáng ôm chân cực êm ái, bám đường tốt, phù hợp đi chơi và vận động thể thao.', '6', '0', '670'),
('208', 'Giày Nike City Walk #89', '4300000', NULL, 'uploads/sneaker_89.svg', 'Giày Sneaker thể thao chính hãng cao cấp, thiết kế phom dáng ôm chân cực êm ái, bám đường tốt, phù hợp đi chơi và vận động thể thao.', '6', '0', '453'),
('209', 'Giày Adidas Style Runner #90', '1630000', NULL, 'uploads/sneaker_90.svg', 'Giày Sneaker thể thao chính hãng cao cấp, thiết kế phom dáng ôm chân cực êm ái, bám đường tốt, phù hợp đi chơi và vận động thể thao.', '6', '0', '242'),
('210', 'Giày Jordan Flex Comfort #91', '3180000', '2703000', 'uploads/sneaker_91.svg', 'Giày Sneaker thể thao chính hãng cao cấp, thiết kế phom dáng ôm chân cực êm ái, bám đường tốt, phù hợp đi chơi và vận động thể thao.', '6', '0', '279'),
('211', 'Giày Li-Ning Court Pro #92', '4410000', NULL, 'uploads/sneaker_92.svg', 'Giày Sneaker thể thao chính hãng cao cấp, thiết kế phom dáng ôm chân cực êm ái, bám đường tốt, phù hợp đi chơi và vận động thể thao.', '6', '0', '640'),
('212', 'Giày New Balance Air Max Zoom #93', '4410000', NULL, 'uploads/sneaker_93.svg', 'Giày Sneaker thể thao chính hãng cao cấp, thiết kế phom dáng ôm chân cực êm ái, bám đường tốt, phù hợp đi chơi và vận động thể thao.', '6', '0', '425'),
('213', 'Giày Puma Retro Classic #94', '1500000', '1275000', 'uploads/sneaker_94.svg', 'Giày Sneaker thể thao chính hãng cao cấp, thiết kế phom dáng ôm chân cực êm ái, bám đường tốt, phù hợp đi chơi và vận động thể thao.', '6', '0', '673'),
('214', 'Giày Mizuno Super Speed #95', '4220000', NULL, 'uploads/sneaker_95.svg', 'Giày Sneaker thể thao chính hãng cao cấp, thiết kế phom dáng ôm chân cực êm ái, bám đường tốt, phù hợp đi chơi và vận động thể thao.', '6', '0', '628'),
('215', 'Giày Asics City Walk #96', '1620000', NULL, 'uploads/sneaker_96.svg', 'Giày Sneaker thể thao chính hãng cao cấp, thiết kế phom dáng ôm chân cực êm ái, bám đường tốt, phù hợp đi chơi và vận động thể thao.', '6', '0', '701'),
('216', 'Giày Nike Style Runner #97', '3030000', '2575500', 'uploads/sneaker_97.svg', 'Giày Sneaker thể thao chính hãng cao cấp, thiết kế phom dáng ôm chân cực êm ái, bám đường tốt, phù hợp đi chơi và vận động thể thao.', '6', '0', '471'),
('217', 'Giày Adidas Flex Comfort #98', '3890000', NULL, 'uploads/sneaker_98.svg', 'Giày Sneaker thể thao chính hãng cao cấp, thiết kế phom dáng ôm chân cực êm ái, bám đường tốt, phù hợp đi chơi và vận động thể thao.', '6', '0', '723'),
('218', 'Giày Jordan Court Pro #99', '3230000', NULL, 'uploads/sneaker_99.svg', 'Giày Sneaker thể thao chính hãng cao cấp, thiết kế phom dáng ôm chân cực êm ái, bám đường tốt, phù hợp đi chơi và vận động thể thao.', '6', '0', '714'),
('219', 'Giày Li-Ning Air Max Zoom #100', '4050000', '3442500', 'uploads/sneaker_100.svg', 'Giày Sneaker thể thao chính hãng cao cấp, thiết kế phom dáng ôm chân cực êm ái, bám đường tốt, phù hợp đi chơi và vận động thể thao.', '6', '0', '727'),
('220', 'Giày New Balance Retro Classic #101', '3590000', NULL, 'uploads/sneaker_101.svg', 'Giày Sneaker thể thao chính hãng cao cấp, thiết kế phom dáng ôm chân cực êm ái, bám đường tốt, phù hợp đi chơi và vận động thể thao.', '6', '0', '352'),
('221', 'Giày Puma Super Speed #102', '4070000', NULL, 'uploads/sneaker_102.svg', 'Giày Sneaker thể thao chính hãng cao cấp, thiết kế phom dáng ôm chân cực êm ái, bám đường tốt, phù hợp đi chơi và vận động thể thao.', '6', '0', '678'),
('222', 'Giày Mizuno City Walk #103', '3720000', '3162000', 'uploads/sneaker_103.svg', 'Giày Sneaker thể thao chính hãng cao cấp, thiết kế phom dáng ôm chân cực êm ái, bám đường tốt, phù hợp đi chơi và vận động thể thao.', '6', '0', '685'),
('223', 'Giày Asics Style Runner #104', '4040000', NULL, 'uploads/sneaker_104.svg', 'Giày Sneaker thể thao chính hãng cao cấp, thiết kế phom dáng ôm chân cực êm ái, bám đường tốt, phù hợp đi chơi và vận động thể thao.', '6', '0', '153'),
('224', 'Giày Nike Flex Comfort #105', '1600000', NULL, 'uploads/sneaker_105.svg', 'Giày Sneaker thể thao chính hãng cao cấp, thiết kế phom dáng ôm chân cực êm ái, bám đường tốt, phù hợp đi chơi và vận động thể thao.', '6', '0', '475'),
('225', 'Giày Adidas Court Pro #106', '3420000', '2907000', 'uploads/sneaker_106.svg', 'Giày Sneaker thể thao chính hãng cao cấp, thiết kế phom dáng ôm chân cực êm ái, bám đường tốt, phù hợp đi chơi và vận động thể thao.', '6', '0', '224'),
('226', 'Giày Jordan Air Max Zoom #107', '3550000', NULL, 'uploads/sneaker_107.svg', 'Giày Sneaker thể thao chính hãng cao cấp, thiết kế phom dáng ôm chân cực êm ái, bám đường tốt, phù hợp đi chơi và vận động thể thao.', '6', '0', '638'),
('227', 'Giày Li-Ning Retro Classic #108', '2160000', NULL, 'uploads/sneaker_108.svg', 'Giày Sneaker thể thao chính hãng cao cấp, thiết kế phom dáng ôm chân cực êm ái, bám đường tốt, phù hợp đi chơi và vận động thể thao.', '6', '0', '214'),
('228', 'Giày New Balance Super Speed #109', '3840000', '3264000', 'uploads/sneaker_109.svg', 'Giày Sneaker thể thao chính hãng cao cấp, thiết kế phom dáng ôm chân cực êm ái, bám đường tốt, phù hợp đi chơi và vận động thể thao.', '6', '0', '642'),
('229', 'Giày Puma City Walk #110', '2710000', NULL, 'uploads/sneaker_110.svg', 'Giày Sneaker thể thao chính hãng cao cấp, thiết kế phom dáng ôm chân cực êm ái, bám đường tốt, phù hợp đi chơi và vận động thể thao.', '6', '0', '211'),
('230', 'Giày Mizuno Style Runner #111', '2020000', NULL, 'uploads/sneaker_111.svg', 'Giày Sneaker thể thao chính hãng cao cấp, thiết kế phom dáng ôm chân cực êm ái, bám đường tốt, phù hợp đi chơi và vận động thể thao.', '6', '0', '278'),
('231', 'Giày Asics Flex Comfort #112', '3100000', '2635000', 'uploads/sneaker_112.svg', 'Giày Sneaker thể thao chính hãng cao cấp, thiết kế phom dáng ôm chân cực êm ái, bám đường tốt, phù hợp đi chơi và vận động thể thao.', '6', '0', '646'),
('232', 'Giày Nike Court Pro #113', '3070000', NULL, 'uploads/sneaker_113.svg', 'Giày Sneaker thể thao chính hãng cao cấp, thiết kế phom dáng ôm chân cực êm ái, bám đường tốt, phù hợp đi chơi và vận động thể thao.', '6', '0', '151'),
('233', 'Giày Adidas Air Max Zoom #114', '1550000', NULL, 'uploads/sneaker_114.svg', 'Giày Sneaker thể thao chính hãng cao cấp, thiết kế phom dáng ôm chân cực êm ái, bám đường tốt, phù hợp đi chơi và vận động thể thao.', '6', '0', '352'),
('234', 'Giày Jordan Retro Classic #115', '3050000', '2592500', 'uploads/sneaker_115.svg', 'Giày Sneaker thể thao chính hãng cao cấp, thiết kế phom dáng ôm chân cực êm ái, bám đường tốt, phù hợp đi chơi và vận động thể thao.', '6', '0', '246'),
('235', 'Giày Li-Ning Super Speed #116', '2710000', NULL, 'uploads/sneaker_116.svg', 'Giày Sneaker thể thao chính hãng cao cấp, thiết kế phom dáng ôm chân cực êm ái, bám đường tốt, phù hợp đi chơi và vận động thể thao.', '6', '0', '154'),
('236', 'Giày New Balance City Walk #117', '3050000', NULL, 'uploads/sneaker_117.svg', 'Giày Sneaker thể thao chính hãng cao cấp, thiết kế phom dáng ôm chân cực êm ái, bám đường tốt, phù hợp đi chơi và vận động thể thao.', '6', '0', '692'),
('237', 'Giày Puma Style Runner #118', '2660000', '2261000', 'uploads/sneaker_118.svg', 'Giày Sneaker thể thao chính hãng cao cấp, thiết kế phom dáng ôm chân cực êm ái, bám đường tốt, phù hợp đi chơi và vận động thể thao.', '6', '0', '755'),
('238', 'Giày Mizuno Flex Comfort #119', '3600000', NULL, 'uploads/sneaker_119.svg', 'Giày Sneaker thể thao chính hãng cao cấp, thiết kế phom dáng ôm chân cực êm ái, bám đường tốt, phù hợp đi chơi và vận động thể thao.', '6', '0', '365'),
('239', 'Giày Asics Court Pro #120', '1670000', NULL, 'uploads/sneaker_120.svg', 'Giày Sneaker thể thao chính hãng cao cấp, thiết kế phom dáng ôm chân cực êm ái, bám đường tốt, phù hợp đi chơi và vận động thể thao.', '6', '0', '436'),
('240', 'Giày Nike Air Max Zoom #121', '2540000', '2159000', 'uploads/sneaker_121.svg', 'Giày Sneaker thể thao chính hãng cao cấp, thiết kế phom dáng ôm chân cực êm ái, bám đường tốt, phù hợp đi chơi và vận động thể thao.', '6', '0', '380'),
('241', 'Giày Adidas Retro Classic #122', '2780000', NULL, 'uploads/sneaker_122.svg', 'Giày Sneaker thể thao chính hãng cao cấp, thiết kế phom dáng ôm chân cực êm ái, bám đường tốt, phù hợp đi chơi và vận động thể thao.', '6', '0', '261'),
('242', 'Giày Jordan Super Speed #123', '4390000', NULL, 'uploads/sneaker_123.svg', 'Giày Sneaker thể thao chính hãng cao cấp, thiết kế phom dáng ôm chân cực êm ái, bám đường tốt, phù hợp đi chơi và vận động thể thao.', '6', '0', '341'),
('243', 'Giày Li-Ning City Walk #124', '4260000', '3621000', 'uploads/sneaker_124.svg', 'Giày Sneaker thể thao chính hãng cao cấp, thiết kế phom dáng ôm chân cực êm ái, bám đường tốt, phù hợp đi chơi và vận động thể thao.', '6', '0', '800'),
('244', 'Giày New Balance Style Runner #125', '4290000', NULL, 'uploads/sneaker_125.svg', 'Giày Sneaker thể thao chính hãng cao cấp, thiết kế phom dáng ôm chân cực êm ái, bám đường tốt, phù hợp đi chơi và vận động thể thao.', '6', '0', '474'),
('245', 'Giày Puma Flex Comfort #126', '3850000', NULL, 'uploads/sneaker_126.svg', 'Giày Sneaker thể thao chính hãng cao cấp, thiết kế phom dáng ôm chân cực êm ái, bám đường tốt, phù hợp đi chơi và vận động thể thao.', '6', '0', '255'),
('246', 'Giày Mizuno Court Pro #127', '4400000', '3740000', 'uploads/sneaker_127.svg', 'Giày Sneaker thể thao chính hãng cao cấp, thiết kế phom dáng ôm chân cực êm ái, bám đường tốt, phù hợp đi chơi và vận động thể thao.', '6', '0', '421'),
('247', 'Giày Asics Air Max Zoom #128', '3820000', NULL, 'uploads/sneaker_128.svg', 'Giày Sneaker thể thao chính hãng cao cấp, thiết kế phom dáng ôm chân cực êm ái, bám đường tốt, phù hợp đi chơi và vận động thể thao.', '6', '0', '357'),
('248', 'Giày Nike Retro Classic #129', '1640000', NULL, 'uploads/sneaker_129.svg', 'Giày Sneaker thể thao chính hãng cao cấp, thiết kế phom dáng ôm chân cực êm ái, bám đường tốt, phù hợp đi chơi và vận động thể thao.', '6', '0', '554'),
('249', 'Giày Adidas Super Speed #130', '1740000', '1479000', 'uploads/sneaker_130.svg', 'Giày Sneaker thể thao chính hãng cao cấp, thiết kế phom dáng ôm chân cực êm ái, bám đường tốt, phù hợp đi chơi và vận động thể thao.', '6', '0', '205'),
('250', 'Giày Jordan City Walk #131', '4000000', NULL, 'uploads/sneaker_131.svg', 'Giày Sneaker thể thao chính hãng cao cấp, thiết kế phom dáng ôm chân cực êm ái, bám đường tốt, phù hợp đi chơi và vận động thể thao.', '6', '0', '135'),
('251', 'Giày Li-Ning Style Runner #132', '1810000', NULL, 'uploads/sneaker_132.svg', 'Giày Sneaker thể thao chính hãng cao cấp, thiết kế phom dáng ôm chân cực êm ái, bám đường tốt, phù hợp đi chơi và vận động thể thao.', '6', '0', '716'),
('252', 'Giày New Balance Flex Comfort #133', '2950000', '2507500', 'uploads/sneaker_133.svg', 'Giày Sneaker thể thao chính hãng cao cấp, thiết kế phom dáng ôm chân cực êm ái, bám đường tốt, phù hợp đi chơi và vận động thể thao.', '6', '0', '361'),
('253', 'Giày Puma Court Pro #134', '2680000', NULL, 'uploads/sneaker_134.svg', 'Giày Sneaker thể thao chính hãng cao cấp, thiết kế phom dáng ôm chân cực êm ái, bám đường tốt, phù hợp đi chơi và vận động thể thao.', '6', '0', '323'),
('254', 'Giày Mizuno Air Max Zoom #135', '3970000', NULL, 'uploads/sneaker_135.svg', 'Giày Sneaker thể thao chính hãng cao cấp, thiết kế phom dáng ôm chân cực êm ái, bám đường tốt, phù hợp đi chơi và vận động thể thao.', '6', '0', '160'),
('255', 'Giày Asics Retro Classic #136', '3140000', '2669000', 'uploads/sneaker_136.svg', 'Giày Sneaker thể thao chính hãng cao cấp, thiết kế phom dáng ôm chân cực êm ái, bám đường tốt, phù hợp đi chơi và vận động thể thao.', '6', '0', '576'),
('256', 'Giày Nike Super Speed #137', '3330000', NULL, 'uploads/sneaker_137.svg', 'Giày Sneaker thể thao chính hãng cao cấp, thiết kế phom dáng ôm chân cực êm ái, bám đường tốt, phù hợp đi chơi và vận động thể thao.', '6', '0', '228'),
('257', 'Giày Adidas City Walk #138', '1960000', NULL, 'uploads/sneaker_138.svg', 'Giày Sneaker thể thao chính hãng cao cấp, thiết kế phom dáng ôm chân cực êm ái, bám đường tốt, phù hợp đi chơi và vận động thể thao.', '6', '0', '589'),
('258', 'Giày Jordan Style Runner #139', '3870000', '3289500', 'uploads/sneaker_139.svg', 'Giày Sneaker thể thao chính hãng cao cấp, thiết kế phom dáng ôm chân cực êm ái, bám đường tốt, phù hợp đi chơi và vận động thể thao.', '6', '0', '698'),
('259', 'Giày Li-Ning Flex Comfort #140', '2060000', NULL, 'uploads/sneaker_140.svg', 'Giày Sneaker thể thao chính hãng cao cấp, thiết kế phom dáng ôm chân cực êm ái, bám đường tốt, phù hợp đi chơi và vận động thể thao.', '6', '0', '280');

CREATE TABLE `binhluan` (
  `id` int(11) NOT NULL AUTO_INCREMENT,
  `noi_dung` text NOT NULL,
  `id_user` int(11) NOT NULL,
  `id_pro` int(11) NOT NULL,
  `ngay_binh_luan` varchar(20) NOT NULL,
  PRIMARY KEY (`id`),
  KEY `id_user` (`id_user`),
  KEY `id_pro` (`id_pro`),
  CONSTRAINT `binhluan_ibfk_1` FOREIGN KEY (`id_user`) REFERENCES `taikhoan` (`id`) ON DELETE CASCADE,
  CONSTRAINT `binhluan_ibfk_2` FOREIGN KEY (`id_pro`) REFERENCES `sanpham` (`id`) ON DELETE CASCADE
) ENGINE=InnoDB AUTO_INCREMENT=4 DEFAULT CHARSET=utf8mb4 COLLATE=utf8mb4_general_ci;

CREATE TABLE `donhang` (
  `id` int(11) NOT NULL AUTO_INCREMENT,
  `id_user` int(11) DEFAULT NULL,
  `nguoi_nhan` varchar(255) NOT NULL,
  `email` varchar(100) NOT NULL,
  `dien_thoai` varchar(20) NOT NULL,
  `dia_chi` text NOT NULL,
  `ngay_dat` varchar(20) NOT NULL,
  `tong_tien` double NOT NULL,
  `pttt` int(11) DEFAULT 0,
  `trang_thai` int(11) DEFAULT 0,
  PRIMARY KEY (`id`),
  KEY `id_user` (`id_user`),
  CONSTRAINT `donhang_ibfk_1` FOREIGN KEY (`id_user`) REFERENCES `taikhoan` (`id`) ON DELETE SET NULL
) ENGINE=InnoDB AUTO_INCREMENT=291 DEFAULT CHARSET=utf8mb4 COLLATE=utf8mb4_general_ci;

INSERT INTO `donhang` (`id`, `id_user`, `nguoi_nhan`, `email`, `dien_thoai`, `dia_chi`, `ngay_dat`, `tong_tien`, `pttt`, `trang_thai`) VALUES
('1', NULL, 'Khách hàng #1', 'customer1@gmail.com', '0955155609', 'Hà Nội, Việt Nam', '14-05-2026 22:19:55', '5290000', '0', '2'),
('2', NULL, 'Khách hàng #2', 'customer2@gmail.com', '0939448710', 'Hà Nội, Việt Nam', '15-02-2026 19:17:42', '4410000', '1', '2'),
('3', NULL, 'Khách hàng #3', 'customer3@gmail.com', '0929204038', 'Hà Nội, Việt Nam', '17-03-2026 08:24:09', '5170000', '1', '2'),
('4', NULL, 'Khách hàng #4', 'customer4@gmail.com', '0918427664', 'Hà Nội, Việt Nam', '17-05-2026 19:27:13', '1440000', '0', '2'),
('5', NULL, 'Khách hàng #5', 'customer5@gmail.com', '0977344321', 'Hà Nội, Việt Nam', '06-02-2026 14:46:49', '1330000', '0', '2'),
('6', NULL, 'Khách hàng #6', 'customer6@gmail.com', '0935319178', 'Hà Nội, Việt Nam', '18-02-2026 11:47:37', '2350000', '1', '2'),
('7', NULL, 'Khách hàng #7', 'customer7@gmail.com', '0978810107', 'Hà Nội, Việt Nam', '16-03-2026 18:26:08', '2850000', '1', '2'),
('8', NULL, 'Khách hàng #8', 'customer8@gmail.com', '0989929017', 'Hà Nội, Việt Nam', '20-05-2026 09:19:44', '4550000', '1', '2'),
('9', NULL, 'Khách hàng #9', 'customer9@gmail.com', '0919816039', 'Hà Nội, Việt Nam', '09-06-2026 08:53:06', '5120000', '1', '2'),
('10', NULL, 'Khách hàng #10', 'customer10@gmail.com', '0973240267', 'Hà Nội, Việt Nam', '13-03-2026 08:22:45', '3960000', '0', '2'),
('11', NULL, 'Khách hàng #11', 'customer11@gmail.com', '0956730094', 'Hà Nội, Việt Nam', '04-02-2026 22:37:13', '5970000', '0', '2'),
('12', NULL, 'Khách hàng #12', 'customer12@gmail.com', '0993574945', 'Hà Nội, Việt Nam', '15-02-2026 17:08:01', '1960000', '1', '2'),
('13', NULL, 'Khách hàng #13', 'customer13@gmail.com', '0911495754', 'Hà Nội, Việt Nam', '20-06-2026 18:14:52', '4910000', '1', '2'),
('14', NULL, 'Khách hàng #14', 'customer14@gmail.com', '0925346516', 'Hà Nội, Việt Nam', '01-06-2026 20:49:44', '1120000', '0', '2'),
('15', NULL, 'Khách hàng #15', 'customer15@gmail.com', '0971087865', 'Hà Nội, Việt Nam', '11-03-2026 10:38:30', '4900000', '0', '2'),
('16', NULL, 'Khách hàng #16', 'customer16@gmail.com', '0931312632', 'Hà Nội, Việt Nam', '08-06-2026 20:44:03', '5100000', '1', '2'),
('17', NULL, 'Khách hàng #17', 'customer17@gmail.com', '0994199128', 'Hà Nội, Việt Nam', '18-06-2026 20:17:43', '4710000', '0', '2'),
('18', NULL, 'Khách hàng #18', 'customer18@gmail.com', '0965082356', 'Hà Nội, Việt Nam', '21-04-2026 21:36:09', '4600000', '1', '2'),
('19', NULL, 'Khách hàng #19', 'customer19@gmail.com', '0980825537', 'Hà Nội, Việt Nam', '06-03-2026 10:28:10', '4510000', '0', '2'),
('20', NULL, 'Khách hàng #20', 'customer20@gmail.com', '0951203104', 'Hà Nội, Việt Nam', '18-02-2026 11:37:46', '3400000', '0', '2'),
('21', NULL, 'Khách hàng #21', 'customer21@gmail.com', '0977813733', 'Hà Nội, Việt Nam', '09-04-2026 21:01:36', '4850000', '1', '2'),
('22', NULL, 'Khách hàng #22', 'customer22@gmail.com', '0937709822', 'Hà Nội, Việt Nam', '13-01-2026 13:25:54', '3270000', '1', '2'),
('23', NULL, 'Khách hàng #23', 'customer23@gmail.com', '0938196985', 'Hà Nội, Việt Nam', '12-03-2026 15:49:51', '1340000', '0', '2'),
('24', NULL, 'Khách hàng #24', 'customer24@gmail.com', '0962553962', 'Hà Nội, Việt Nam', '06-02-2026 20:40:14', '1450000', '1', '2'),
('25', NULL, 'Khách hàng #25', 'customer25@gmail.com', '0949204330', 'Hà Nội, Việt Nam', '09-02-2026 09:15:35', '1830000', '0', '2'),
('26', NULL, 'Khách hàng #26', 'customer26@gmail.com', '0952885286', 'Hà Nội, Việt Nam', '06-05-2026 17:28:51', '5100000', '1', '2'),
('27', NULL, 'Khách hàng #27', 'customer27@gmail.com', '0911745640', 'Hà Nội, Việt Nam', '12-01-2026 20:11:46', '1770000', '1', '2'),
('28', NULL, 'Khách hàng #28', 'customer28@gmail.com', '0916881319', 'Hà Nội, Việt Nam', '19-04-2026 09:44:04', '3990000', '1', '2'),
('29', NULL, 'Khách hàng #29', 'customer29@gmail.com', '0917295831', 'Hà Nội, Việt Nam', '23-04-2026 08:07:44', '1500000', '1', '2'),
('30', NULL, 'Khách hàng #30', 'customer30@gmail.com', '0923558315', 'Hà Nội, Việt Nam', '12-04-2026 20:25:32', '4720000', '1', '2'),
('31', NULL, 'Khách hàng #31', 'customer31@gmail.com', '0961394347', 'Hà Nội, Việt Nam', '03-06-2026 08:53:08', '2390000', '0', '2'),
('32', NULL, 'Khách hàng #32', 'customer32@gmail.com', '0920979009', 'Hà Nội, Việt Nam', '21-03-2026 11:09:28', '1140000', '0', '2'),
('33', NULL, 'Khách hàng #33', 'customer33@gmail.com', '0975232467', 'Hà Nội, Việt Nam', '14-02-2026 22:22:29', '1850000', '0', '2'),
('34', NULL, 'Khách hàng #34', 'customer34@gmail.com', '0925230654', 'Hà Nội, Việt Nam', '09-05-2026 10:10:31', '1940000', '1', '2'),
('35', NULL, 'Khách hàng #35', 'customer35@gmail.com', '0951899207', 'Hà Nội, Việt Nam', '03-06-2026 19:05:24', '5850000', '1', '2'),
('36', NULL, 'Khách hàng #36', 'customer36@gmail.com', '0918466105', 'Hà Nội, Việt Nam', '23-05-2026 08:15:08', '2880000', '1', '2'),
('37', NULL, 'Khách hàng #37', 'customer37@gmail.com', '0924062561', 'Hà Nội, Việt Nam', '07-06-2026 19:02:11', '3590000', '1', '2'),
('38', NULL, 'Khách hàng #38', 'customer38@gmail.com', '0923258358', 'Hà Nội, Việt Nam', '22-03-2026 09:16:37', '3820000', '0', '2'),
('39', NULL, 'Khách hàng #39', 'customer39@gmail.com', '0936475855', 'Hà Nội, Việt Nam', '13-03-2026 14:19:09', '2530000', '0', '2'),
('40', NULL, 'Khách hàng #40', 'customer40@gmail.com', '0927937926', 'Hà Nội, Việt Nam', '16-03-2026 22:52:46', '3720000', '1', '2'),
('41', NULL, 'Khách hàng #41', 'customer41@gmail.com', '0945159322', 'Hà Nội, Việt Nam', '07-04-2026 15:21:25', '3100000', '0', '2'),
('42', NULL, 'Khách hàng #42', 'customer42@gmail.com', '0924237398', 'Hà Nội, Việt Nam', '01-04-2026 15:40:45', '3290000', '0', '2'),
('43', NULL, 'Khách hàng #43', 'customer43@gmail.com', '0912833602', 'Hà Nội, Việt Nam', '24-03-2026 20:42:34', '2610000', '1', '2'),
('44', NULL, 'Khách hàng #44', 'customer44@gmail.com', '0978829983', 'Hà Nội, Việt Nam', '19-02-2026 13:30:22', '5300000', '1', '2'),
('45', NULL, 'Khách hàng #45', 'customer45@gmail.com', '0918244554', 'Hà Nội, Việt Nam', '03-05-2026 10:11:33', '5570000', '1', '2'),
('46', NULL, 'Khách hàng #46', 'customer46@gmail.com', '0982881777', 'Hà Nội, Việt Nam', '19-05-2026 11:09:03', '5650000', '1', '2'),
('47', NULL, 'Khách hàng #47', 'customer47@gmail.com', '0980295096', 'Hà Nội, Việt Nam', '04-01-2026 12:24:55', '2860000', '0', '2'),
('48', NULL, 'Khách hàng #48', 'customer48@gmail.com', '0922590902', 'Hà Nội, Việt Nam', '23-06-2026 21:52:47', '2780000', '1', '2'),
('49', NULL, 'Khách hàng #49', 'customer49@gmail.com', '0973767365', 'Hà Nội, Việt Nam', '17-06-2026 20:40:55', '4600000', '0', '2'),
('50', NULL, 'Khách hàng #50', 'customer50@gmail.com', '0924249576', 'Hà Nội, Việt Nam', '14-02-2026 18:54:09', '5530000', '1', '2'),
('51', NULL, 'Khách hàng #51', 'customer51@gmail.com', '0930702016', 'Hà Nội, Việt Nam', '07-03-2026 18:26:23', '2460000', '1', '2'),
('52', NULL, 'Khách hàng #52', 'customer52@gmail.com', '0954319311', 'Hà Nội, Việt Nam', '09-06-2026 18:22:06', '5260000', '0', '2'),
('53', NULL, 'Khách hàng #53', 'customer53@gmail.com', '0929883753', 'Hà Nội, Việt Nam', '17-01-2026 13:58:30', '4450000', '1', '2'),
('54', NULL, 'Khách hàng #54', 'customer54@gmail.com', '0948475824', 'Hà Nội, Việt Nam', '22-02-2026 10:30:23', '5350000', '0', '2'),
('55', NULL, 'Khách hàng #55', 'customer55@gmail.com', '0989152010', 'Hà Nội, Việt Nam', '12-02-2026 10:57:56', '4430000', '0', '2'),
('56', NULL, 'Khách hàng #56', 'customer56@gmail.com', '0962638395', 'Hà Nội, Việt Nam', '03-01-2026 09:56:03', '2780000', '1', '2'),
('57', NULL, 'Khách hàng #57', 'customer57@gmail.com', '0961827637', 'Hà Nội, Việt Nam', '27-01-2026 19:06:54', '5380000', '1', '2'),
('58', NULL, 'Khách hàng #58', 'customer58@gmail.com', '0982204096', 'Hà Nội, Việt Nam', '10-03-2026 21:49:24', '1620000', '1', '2'),
('59', NULL, 'Khách hàng #59', 'customer59@gmail.com', '0941898074', 'Hà Nội, Việt Nam', '26-03-2026 15:18:23', '2180000', '1', '2'),
('60', NULL, 'Khách hàng #60', 'customer60@gmail.com', '0932772664', 'Hà Nội, Việt Nam', '13-05-2026 19:01:50', '2030000', '1', '2'),
('61', NULL, 'Khách hàng #61', 'customer61@gmail.com', '0914824112', 'Hà Nội, Việt Nam', '07-04-2026 20:00:43', '3350000', '1', '2'),
('62', NULL, 'Khách hàng #62', 'customer62@gmail.com', '0995444835', 'Hà Nội, Việt Nam', '22-06-2026 21:46:41', '3830000', '0', '2'),
('63', NULL, 'Khách hàng #63', 'customer63@gmail.com', '0918435875', 'Hà Nội, Việt Nam', '18-03-2026 18:51:50', '3440000', '0', '2'),
('64', NULL, 'Khách hàng #64', 'customer64@gmail.com', '0910691311', 'Hà Nội, Việt Nam', '11-04-2026 17:45:53', '2280000', '1', '2'),
('65', NULL, 'Khách hàng #65', 'customer65@gmail.com', '0978398756', 'Hà Nội, Việt Nam', '18-04-2026 08:19:09', '5560000', '0', '2'),
('66', NULL, 'Khách hàng #66', 'customer66@gmail.com', '0978558802', 'Hà Nội, Việt Nam', '19-02-2026 11:48:43', '1250000', '1', '2'),
('67', NULL, 'Khách hàng #67', 'customer67@gmail.com', '0984376930', 'Hà Nội, Việt Nam', '11-02-2026 10:19:18', '1730000', '1', '2'),
('68', NULL, 'Khách hàng #68', 'customer68@gmail.com', '0966612579', 'Hà Nội, Việt Nam', '08-06-2026 08:17:28', '5840000', '1', '2'),
('69', NULL, 'Khách hàng #69', 'customer69@gmail.com', '0935483411', 'Hà Nội, Việt Nam', '25-03-2026 19:40:28', '3360000', '1', '2'),
('70', NULL, 'Khách hàng #70', 'customer70@gmail.com', '0964538911', 'Hà Nội, Việt Nam', '13-02-2026 12:50:14', '1000000', '1', '2'),
('71', NULL, 'Khách hàng #71', 'customer71@gmail.com', '0922995161', 'Hà Nội, Việt Nam', '02-06-2026 17:41:47', '1380000', '1', '2'),
('72', NULL, 'Khách hàng #72', 'customer72@gmail.com', '0917390971', 'Hà Nội, Việt Nam', '28-04-2026 11:52:08', '2780000', '1', '2'),
('73', NULL, 'Khách hàng #73', 'customer73@gmail.com', '0983478883', 'Hà Nội, Việt Nam', '02-06-2026 08:12:33', '4770000', '0', '2'),
('74', NULL, 'Khách hàng #74', 'customer74@gmail.com', '0966850287', 'Hà Nội, Việt Nam', '27-02-2026 13:38:56', '3370000', '1', '2'),
('75', NULL, 'Khách hàng #75', 'customer75@gmail.com', '0945369457', 'Hà Nội, Việt Nam', '02-05-2026 10:26:16', '5110000', '0', '2'),
('76', NULL, 'Khách hàng #76', 'customer76@gmail.com', '0962690153', 'Hà Nội, Việt Nam', '26-02-2026 12:31:52', '2360000', '0', '2'),
('77', NULL, 'Khách hàng #77', 'customer77@gmail.com', '0994895605', 'Hà Nội, Việt Nam', '02-03-2026 17:38:07', '2780000', '1', '2'),
('78', NULL, 'Khách hàng #78', 'customer78@gmail.com', '0948198942', 'Hà Nội, Việt Nam', '06-05-2026 11:43:13', '4220000', '0', '2'),
('79', NULL, 'Khách hàng #79', 'customer79@gmail.com', '0953526735', 'Hà Nội, Việt Nam', '17-05-2026 11:36:40', '5000000', '1', '2'),
('80', NULL, 'Khách hàng #80', 'customer80@gmail.com', '0980634228', 'Hà Nội, Việt Nam', '03-01-2026 20:04:56', '4890000', '1', '2'),
('81', NULL, 'Khách hàng #81', 'customer81@gmail.com', '0945156427', 'Hà Nội, Việt Nam', '13-06-2026 11:34:00', '4660000', '0', '2'),
('82', NULL, 'Khách hàng #82', 'customer82@gmail.com', '0946698308', 'Hà Nội, Việt Nam', '08-02-2026 08:24:12', '1980000', '0', '2'),
('83', NULL, 'Khách hàng #83', 'customer83@gmail.com', '0958614769', 'Hà Nội, Việt Nam', '21-04-2026 20:26:04', '5080000', '0', '2'),
('84', NULL, 'Khách hàng #84', 'customer84@gmail.com', '0919039786', 'Hà Nội, Việt Nam', '01-05-2026 19:40:33', '3330000', '0', '2'),
('85', NULL, 'Khách hàng #85', 'customer85@gmail.com', '0914814370', 'Hà Nội, Việt Nam', '25-05-2026 20:00:04', '3500000', '0', '2'),
('86', NULL, 'Khách hàng #86', 'customer86@gmail.com', '0934926725', 'Hà Nội, Việt Nam', '11-04-2026 10:26:39', '3970000', '1', '2'),
('87', NULL, 'Khách hàng #87', 'customer87@gmail.com', '0987368785', 'Hà Nội, Việt Nam', '20-02-2026 12:41:35', '3880000', '0', '2'),
('88', NULL, 'Khách hàng #88', 'customer88@gmail.com', '0936938473', 'Hà Nội, Việt Nam', '13-05-2026 08:41:18', '4650000', '1', '2'),
('89', NULL, 'Khách hàng #89', 'customer89@gmail.com', '0931618792', 'Hà Nội, Việt Nam', '10-05-2026 19:04:06', '1470000', '0', '2'),
('90', NULL, 'Khách hàng #90', 'customer90@gmail.com', '0967268529', 'Hà Nội, Việt Nam', '28-04-2026 15:29:31', '2760000', '1', '2'),
('91', NULL, 'Khách hàng #91', 'customer91@gmail.com', '0970379718', 'Hà Nội, Việt Nam', '24-01-2026 20:26:20', '1360000', '1', '2'),
('92', NULL, 'Khách hàng #92', 'customer92@gmail.com', '0994210626', 'Hà Nội, Việt Nam', '28-02-2026 17:23:34', '4220000', '0', '2'),
('93', NULL, 'Khách hàng #93', 'customer93@gmail.com', '0941602945', 'Hà Nội, Việt Nam', '10-05-2026 16:56:02', '4810000', '0', '2'),
('94', NULL, 'Khách hàng #94', 'customer94@gmail.com', '0981945839', 'Hà Nội, Việt Nam', '16-06-2026 10:11:06', '5690000', '0', '2'),
('95', NULL, 'Khách hàng #95', 'customer95@gmail.com', '0973717068', 'Hà Nội, Việt Nam', '14-06-2026 13:31:34', '1520000', '1', '2'),
('96', NULL, 'Khách hàng #96', 'customer96@gmail.com', '0928708035', 'Hà Nội, Việt Nam', '14-02-2026 14:59:45', '1840000', '0', '2'),
('97', NULL, 'Khách hàng #97', 'customer97@gmail.com', '0988273275', 'Hà Nội, Việt Nam', '24-02-2026 10:18:25', '4390000', '1', '2'),
('98', NULL, 'Khách hàng #98', 'customer98@gmail.com', '0948157616', 'Hà Nội, Việt Nam', '02-03-2026 17:18:59', '5510000', '1', '2'),
('99', NULL, 'Khách hàng #99', 'customer99@gmail.com', '0983810126', 'Hà Nội, Việt Nam', '16-05-2026 19:34:56', '5940000', '0', '2'),
('100', NULL, 'Khách hàng #100', 'customer100@gmail.com', '0951170168', 'Hà Nội, Việt Nam', '21-05-2026 14:40:54', '1980000', '0', '2'),
('101', NULL, 'Khách hàng #101', 'customer101@gmail.com', '0931239097', 'Hà Nội, Việt Nam', '26-04-2026 13:17:20', '4440000', '0', '2'),
('102', NULL, 'Khách hàng #102', 'customer102@gmail.com', '0939023824', 'Hà Nội, Việt Nam', '15-03-2026 15:08:37', '2090000', '0', '2'),
('103', NULL, 'Khách hàng #103', 'customer103@gmail.com', '0975027482', 'Hà Nội, Việt Nam', '16-05-2026 13:53:28', '5610000', '1', '2'),
('104', NULL, 'Khách hàng #104', 'customer104@gmail.com', '0954819010', 'Hà Nội, Việt Nam', '27-06-2026 16:08:00', '1270000', '1', '2'),
('105', NULL, 'Khách hàng #105', 'customer105@gmail.com', '0984109837', 'Hà Nội, Việt Nam', '17-03-2026 11:23:49', '5590000', '1', '2'),
('106', NULL, 'Khách hàng #106', 'customer106@gmail.com', '0987752589', 'Hà Nội, Việt Nam', '10-05-2026 16:55:21', '5390000', '1', '2'),
('107', NULL, 'Khách hàng #107', 'customer107@gmail.com', '0939700929', 'Hà Nội, Việt Nam', '26-03-2026 15:26:12', '2820000', '0', '2'),
('108', NULL, 'Khách hàng #108', 'customer108@gmail.com', '0943255934', 'Hà Nội, Việt Nam', '09-01-2026 15:40:41', '2320000', '0', '2'),
('109', NULL, 'Khách hàng #109', 'customer109@gmail.com', '0995926091', 'Hà Nội, Việt Nam', '18-02-2026 12:44:39', '1510000', '0', '2'),
('110', NULL, 'Khách hàng #110', 'customer110@gmail.com', '0948381259', 'Hà Nội, Việt Nam', '25-02-2026 13:30:46', '4310000', '1', '2'),
('111', NULL, 'Khách hàng #111', 'customer111@gmail.com', '0977296152', 'Hà Nội, Việt Nam', '21-04-2026 12:23:11', '3230000', '0', '2'),
('112', NULL, 'Khách hàng #112', 'customer112@gmail.com', '0993059971', 'Hà Nội, Việt Nam', '27-02-2026 08:08:10', '1230000', '1', '2'),
('113', NULL, 'Khách hàng #113', 'customer113@gmail.com', '0994013100', 'Hà Nội, Việt Nam', '23-03-2026 17:23:37', '5770000', '0', '2'),
('114', NULL, 'Khách hàng #114', 'customer114@gmail.com', '0958572751', 'Hà Nội, Việt Nam', '05-01-2026 22:07:38', '5530000', '0', '2'),
('115', NULL, 'Khách hàng #115', 'customer115@gmail.com', '0952114039', 'Hà Nội, Việt Nam', '16-04-2026 10:00:37', '1730000', '0', '2'),
('116', NULL, 'Khách hàng #116', 'customer116@gmail.com', '0991684501', 'Hà Nội, Việt Nam', '27-01-2026 15:46:05', '2930000', '1', '2'),
('117', NULL, 'Khách hàng #117', 'customer117@gmail.com', '0921607347', 'Hà Nội, Việt Nam', '19-05-2026 10:07:38', '3120000', '0', '2'),
('118', NULL, 'Khách hàng #118', 'customer118@gmail.com', '0920757664', 'Hà Nội, Việt Nam', '20-02-2026 09:56:57', '3510000', '1', '2'),
('119', NULL, 'Khách hàng #119', 'customer119@gmail.com', '0956160087', 'Hà Nội, Việt Nam', '28-04-2026 10:16:34', '1910000', '0', '2'),
('120', NULL, 'Khách hàng #120', 'customer120@gmail.com', '0916628735', 'Hà Nội, Việt Nam', '26-05-2026 11:35:18', '2880000', '1', '2'),
('121', NULL, 'Khách hàng #121', 'customer121@gmail.com', '0972612167', 'Hà Nội, Việt Nam', '25-01-2026 08:53:01', '4640000', '1', '2'),
('122', NULL, 'Khách hàng #122', 'customer122@gmail.com', '0921034261', 'Hà Nội, Việt Nam', '08-03-2026 09:04:42', '1530000', '1', '2'),
('123', NULL, 'Khách hàng #123', 'customer123@gmail.com', '0946278437', 'Hà Nội, Việt Nam', '06-04-2026 08:20:05', '2120000', '1', '2'),
('124', NULL, 'Khách hàng #124', 'customer124@gmail.com', '0968171934', 'Hà Nội, Việt Nam', '15-03-2026 15:50:46', '2300000', '1', '2'),
('125', NULL, 'Khách hàng #125', 'customer125@gmail.com', '0958701764', 'Hà Nội, Việt Nam', '12-03-2026 20:39:19', '2530000', '1', '2'),
('126', NULL, 'Khách hàng #126', 'customer126@gmail.com', '0942949966', 'Hà Nội, Việt Nam', '08-02-2026 09:39:11', '3440000', '1', '2'),
('127', NULL, 'Khách hàng #127', 'customer127@gmail.com', '0931019565', 'Hà Nội, Việt Nam', '26-06-2026 08:35:55', '2230000', '0', '2'),
('128', NULL, 'Khách hàng #128', 'customer128@gmail.com', '0988290121', 'Hà Nội, Việt Nam', '17-02-2026 08:31:07', '2110000', '1', '2'),
('129', NULL, 'Khách hàng #129', 'customer129@gmail.com', '0969208540', 'Hà Nội, Việt Nam', '20-03-2026 10:04:33', '4470000', '1', '2'),
('130', NULL, 'Khách hàng #130', 'customer130@gmail.com', '0974198995', 'Hà Nội, Việt Nam', '23-02-2026 18:16:00', '3090000', '0', '2'),
('131', NULL, 'Khách hàng #131', 'customer131@gmail.com', '0939737286', 'Hà Nội, Việt Nam', '06-06-2026 21:46:53', '5090000', '0', '2'),
('132', NULL, 'Khách hàng #132', 'customer132@gmail.com', '0917502181', 'Hà Nội, Việt Nam', '19-03-2026 09:53:48', '2290000', '1', '2'),
('133', NULL, 'Khách hàng #133', 'customer133@gmail.com', '0947391882', 'Hà Nội, Việt Nam', '11-05-2026 17:49:59', '1430000', '0', '2'),
('134', NULL, 'Khách hàng #134', 'customer134@gmail.com', '0949478970', 'Hà Nội, Việt Nam', '01-03-2026 13:47:17', '3940000', '1', '2'),
('135', NULL, 'Khách hàng #135', 'customer135@gmail.com', '0968213354', 'Hà Nội, Việt Nam', '14-06-2026 09:15:59', '4460000', '0', '2'),
('136', NULL, 'Khách hàng #136', 'customer136@gmail.com', '0967552858', 'Hà Nội, Việt Nam', '15-06-2026 21:14:10', '2610000', '1', '2'),
('137', NULL, 'Khách hàng #137', 'customer137@gmail.com', '0944703142', 'Hà Nội, Việt Nam', '02-03-2026 21:11:44', '2670000', '1', '2'),
('138', NULL, 'Khách hàng #138', 'customer138@gmail.com', '0920070856', 'Hà Nội, Việt Nam', '13-06-2026 16:03:00', '2990000', '0', '2'),
('139', NULL, 'Khách hàng #139', 'customer139@gmail.com', '0950389364', 'Hà Nội, Việt Nam', '04-06-2026 17:17:48', '4350000', '0', '2'),
('140', NULL, 'Khách hàng #140', 'customer140@gmail.com', '0990078029', 'Hà Nội, Việt Nam', '03-03-2026 22:13:43', '3220000', '0', '2'),
('141', NULL, 'Khách hàng #141', 'customer141@gmail.com', '0943798051', 'Hà Nội, Việt Nam', '26-06-2026 12:24:41', '4090000', '0', '2'),
('142', NULL, 'Khách hàng #142', 'customer142@gmail.com', '0972538817', 'Hà Nội, Việt Nam', '23-03-2026 16:14:10', '3330000', '0', '2'),
('143', NULL, 'Khách hàng #143', 'customer143@gmail.com', '0920558111', 'Hà Nội, Việt Nam', '28-06-2026 08:49:40', '4620000', '1', '2'),
('144', NULL, 'Khách hàng #144', 'customer144@gmail.com', '0919448777', 'Hà Nội, Việt Nam', '23-01-2026 14:13:14', '5570000', '1', '2'),
('145', NULL, 'Khách hàng #145', 'customer145@gmail.com', '0952192505', 'Hà Nội, Việt Nam', '26-05-2026 09:16:28', '4230000', '0', '2'),
('146', NULL, 'Khách hàng #146', 'customer146@gmail.com', '0960213519', 'Hà Nội, Việt Nam', '16-01-2026 19:09:07', '2080000', '0', '2'),
('147', NULL, 'Khách hàng #147', 'customer147@gmail.com', '0956970862', 'Hà Nội, Việt Nam', '24-01-2026 11:51:53', '1680000', '0', '2'),
('148', NULL, 'Khách hàng #148', 'customer148@gmail.com', '0990030138', 'Hà Nội, Việt Nam', '20-03-2026 15:00:43', '1510000', '1', '2'),
('149', NULL, 'Khách hàng #149', 'customer149@gmail.com', '0967678750', 'Hà Nội, Việt Nam', '01-03-2026 13:56:23', '4610000', '1', '2'),
('150', NULL, 'Khách hàng #150', 'customer150@gmail.com', '0942708054', 'Hà Nội, Việt Nam', '16-05-2026 17:40:00', '5320000', '1', '2'),
('151', NULL, 'Khách hàng #151', 'customer151@gmail.com', '0924235918', 'Hà Nội, Việt Nam', '08-05-2026 15:13:42', '5360000', '0', '2'),
('152', NULL, 'Khách hàng #152', 'customer152@gmail.com', '0985269918', 'Hà Nội, Việt Nam', '11-06-2026 15:55:40', '1290000', '1', '2'),
('153', NULL, 'Khách hàng #153', 'customer153@gmail.com', '0958412307', 'Hà Nội, Việt Nam', '13-01-2026 17:16:21', '2840000', '1', '2'),
('154', NULL, 'Khách hàng #154', 'customer154@gmail.com', '0946476743', 'Hà Nội, Việt Nam', '07-04-2026 18:11:36', '2690000', '0', '2'),
('155', NULL, 'Khách hàng #155', 'customer155@gmail.com', '0984591920', 'Hà Nội, Việt Nam', '01-03-2026 21:25:29', '5600000', '1', '2'),
('156', NULL, 'Khách hàng #156', 'customer156@gmail.com', '0990537416', 'Hà Nội, Việt Nam', '16-03-2026 20:13:31', '1430000', '1', '2'),
('157', NULL, 'Khách hàng #157', 'customer157@gmail.com', '0948758836', 'Hà Nội, Việt Nam', '11-03-2026 09:00:39', '4200000', '0', '2'),
('158', NULL, 'Khách hàng #158', 'customer158@gmail.com', '0934215729', 'Hà Nội, Việt Nam', '25-02-2026 13:45:27', '5640000', '0', '2'),
('159', NULL, 'Khách hàng #159', 'customer159@gmail.com', '0926605152', 'Hà Nội, Việt Nam', '18-05-2026 15:57:20', '2700000', '0', '2'),
('160', NULL, 'Khách hàng #160', 'customer160@gmail.com', '0931839569', 'Hà Nội, Việt Nam', '11-04-2026 20:40:07', '4500000', '0', '2'),
('161', NULL, 'Khách hàng #161', 'customer161@gmail.com', '0942874578', 'Hà Nội, Việt Nam', '04-06-2026 15:07:21', '3610000', '0', '2'),
('162', NULL, 'Khách hàng #162', 'customer162@gmail.com', '0942129122', 'Hà Nội, Việt Nam', '20-01-2026 11:02:32', '3430000', '0', '2'),
('163', NULL, 'Khách hàng #163', 'customer163@gmail.com', '0994749210', 'Hà Nội, Việt Nam', '21-04-2026 10:03:43', '3520000', '0', '2'),
('164', NULL, 'Khách hàng #164', 'customer164@gmail.com', '0924355112', 'Hà Nội, Việt Nam', '14-01-2026 17:04:37', '5250000', '0', '2'),
('165', NULL, 'Khách hàng #165', 'customer165@gmail.com', '0962293927', 'Hà Nội, Việt Nam', '22-06-2026 08:47:04', '5940000', '1', '2'),
('166', NULL, 'Khách hàng #166', 'customer166@gmail.com', '0943085706', 'Hà Nội, Việt Nam', '05-04-2026 17:44:26', '5560000', '0', '2'),
('167', NULL, 'Khách hàng #167', 'customer167@gmail.com', '0939024005', 'Hà Nội, Việt Nam', '14-04-2026 16:06:57', '3780000', '1', '2'),
('168', NULL, 'Khách hàng #168', 'customer168@gmail.com', '0928666119', 'Hà Nội, Việt Nam', '24-03-2026 21:21:51', '5840000', '1', '2'),
('169', NULL, 'Khách hàng #169', 'customer169@gmail.com', '0953531872', 'Hà Nội, Việt Nam', '20-01-2026 08:19:29', '2570000', '0', '2'),
('170', NULL, 'Khách hàng #170', 'customer170@gmail.com', '0985163131', 'Hà Nội, Việt Nam', '06-03-2026 17:58:55', '5370000', '1', '2'),
('171', NULL, 'Khách hàng #171', 'customer171@gmail.com', '0967491871', 'Hà Nội, Việt Nam', '02-06-2026 08:56:06', '5190000', '0', '2'),
('172', NULL, 'Khách hàng #172', 'customer172@gmail.com', '0944833093', 'Hà Nội, Việt Nam', '02-05-2026 18:37:31', '2720000', '0', '2'),
('173', NULL, 'Khách hàng #173', 'customer173@gmail.com', '0953639937', 'Hà Nội, Việt Nam', '19-01-2026 22:59:51', '2750000', '0', '2'),
('174', NULL, 'Khách hàng #174', 'customer174@gmail.com', '0937914389', 'Hà Nội, Việt Nam', '26-04-2026 11:20:55', '4070000', '0', '2'),
('175', NULL, 'Khách hàng #175', 'customer175@gmail.com', '0946700175', 'Hà Nội, Việt Nam', '11-01-2026 13:08:35', '5430000', '0', '2'),
('176', NULL, 'Khách hàng #176', 'customer176@gmail.com', '0923373955', 'Hà Nội, Việt Nam', '28-02-2026 14:33:09', '2430000', '0', '2'),
('177', NULL, 'Khách hàng #177', 'customer177@gmail.com', '0917975505', 'Hà Nội, Việt Nam', '17-04-2026 15:14:56', '4080000', '1', '2'),
('178', NULL, 'Khách hàng #178', 'customer178@gmail.com', '0955726886', 'Hà Nội, Việt Nam', '13-04-2026 18:57:32', '4830000', '0', '2'),
('179', NULL, 'Khách hàng #179', 'customer179@gmail.com', '0979291418', 'Hà Nội, Việt Nam', '08-04-2026 16:46:19', '3900000', '0', '2'),
('180', NULL, 'Khách hàng #180', 'customer180@gmail.com', '0912155693', 'Hà Nội, Việt Nam', '14-04-2026 21:37:40', '1930000', '0', '2'),
('181', NULL, 'Khách hàng #181', 'customer181@gmail.com', '0960355851', 'Hà Nội, Việt Nam', '09-06-2026 08:01:12', '1590000', '0', '2'),
('182', NULL, 'Khách hàng #182', 'customer182@gmail.com', '0923012880', 'Hà Nội, Việt Nam', '06-05-2026 19:57:42', '2990000', '1', '2'),
('183', NULL, 'Khách hàng #183', 'customer183@gmail.com', '0910466548', 'Hà Nội, Việt Nam', '13-04-2026 13:26:36', '3800000', '1', '2'),
('184', NULL, 'Khách hàng #184', 'customer184@gmail.com', '0972758220', 'Hà Nội, Việt Nam', '01-01-2026 15:54:53', '3130000', '1', '2'),
('185', NULL, 'Khách hàng #185', 'customer185@gmail.com', '0967325028', 'Hà Nội, Việt Nam', '08-05-2026 22:05:15', '4540000', '1', '2'),
('186', NULL, 'Khách hàng #186', 'customer186@gmail.com', '0913656048', 'Hà Nội, Việt Nam', '13-06-2026 18:03:14', '1500000', '0', '2'),
('187', NULL, 'Khách hàng #187', 'customer187@gmail.com', '0971314238', 'Hà Nội, Việt Nam', '06-03-2026 20:45:39', '2740000', '1', '2'),
('188', NULL, 'Khách hàng #188', 'customer188@gmail.com', '0910995180', 'Hà Nội, Việt Nam', '17-05-2026 11:58:26', '4810000', '1', '2'),
('189', NULL, 'Khách hàng #189', 'customer189@gmail.com', '0954590836', 'Hà Nội, Việt Nam', '15-01-2026 10:42:11', '1940000', '0', '2'),
('190', NULL, 'Khách hàng #190', 'customer190@gmail.com', '0987630342', 'Hà Nội, Việt Nam', '14-01-2026 08:20:09', '5040000', '1', '2'),
('191', NULL, 'Khách hàng #191', 'customer191@gmail.com', '0918491512', 'Hà Nội, Việt Nam', '18-06-2026 09:26:02', '5920000', '0', '2'),
('192', NULL, 'Khách hàng #192', 'customer192@gmail.com', '0949673303', 'Hà Nội, Việt Nam', '08-02-2026 19:59:53', '1250000', '1', '2'),
('193', NULL, 'Khách hàng #193', 'customer193@gmail.com', '0964747845', 'Hà Nội, Việt Nam', '14-05-2026 15:42:34', '1800000', '1', '2'),
('194', NULL, 'Khách hàng #194', 'customer194@gmail.com', '0941612216', 'Hà Nội, Việt Nam', '19-04-2026 14:14:38', '2810000', '1', '2'),
('195', NULL, 'Khách hàng #195', 'customer195@gmail.com', '0926886144', 'Hà Nội, Việt Nam', '27-05-2026 15:19:03', '3270000', '0', '2'),
('196', NULL, 'Khách hàng #196', 'customer196@gmail.com', '0950277103', 'Hà Nội, Việt Nam', '03-06-2026 08:11:34', '1790000', '0', '2'),
('197', NULL, 'Khách hàng #197', 'customer197@gmail.com', '0951608664', 'Hà Nội, Việt Nam', '14-02-2026 18:00:03', '3970000', '1', '2'),
('198', NULL, 'Khách hàng #198', 'customer198@gmail.com', '0935235428', 'Hà Nội, Việt Nam', '17-03-2026 20:37:56', '2240000', '1', '2'),
('199', NULL, 'Khách hàng #199', 'customer199@gmail.com', '0946147534', 'Hà Nội, Việt Nam', '15-05-2026 19:34:12', '1280000', '0', '2'),
('200', NULL, 'Khách hàng #200', 'customer200@gmail.com', '0917792334', 'Hà Nội, Việt Nam', '10-04-2026 11:27:05', '2560000', '0', '2'),
('201', NULL, 'Khách hàng #201', 'customer201@gmail.com', '0960672935', 'Hà Nội, Việt Nam', '18-01-2026 20:45:52', '2410000', '0', '2'),
('202', NULL, 'Khách hàng #202', 'customer202@gmail.com', '0916139322', 'Hà Nội, Việt Nam', '07-03-2026 13:45:22', '1050000', '1', '2'),
('203', NULL, 'Khách hàng #203', 'customer203@gmail.com', '0995503499', 'Hà Nội, Việt Nam', '04-02-2026 16:57:30', '3590000', '1', '2'),
('204', NULL, 'Khách hàng #204', 'customer204@gmail.com', '0945864910', 'Hà Nội, Việt Nam', '01-06-2026 10:05:10', '4360000', '1', '2'),
('205', NULL, 'Khách hàng #205', 'customer205@gmail.com', '0959098164', 'Hà Nội, Việt Nam', '17-03-2026 12:34:11', '1070000', '1', '2'),
('206', NULL, 'Khách hàng #206', 'customer206@gmail.com', '0969108782', 'Hà Nội, Việt Nam', '14-02-2026 18:18:02', '5160000', '0', '2'),
('207', NULL, 'Khách hàng #207', 'customer207@gmail.com', '0987162654', 'Hà Nội, Việt Nam', '05-04-2026 17:49:24', '2250000', '1', '2'),
('208', NULL, 'Khách hàng #208', 'customer208@gmail.com', '0983806303', 'Hà Nội, Việt Nam', '06-05-2026 09:23:04', '5470000', '0', '2'),
('209', NULL, 'Khách hàng #209', 'customer209@gmail.com', '0970802348', 'Hà Nội, Việt Nam', '28-03-2026 19:39:06', '1620000', '0', '2'),
('210', NULL, 'Khách hàng #210', 'customer210@gmail.com', '0944150897', 'Hà Nội, Việt Nam', '20-04-2026 21:50:10', '1730000', '1', '2'),
('211', NULL, 'Khách hàng #211', 'customer211@gmail.com', '0955944259', 'Hà Nội, Việt Nam', '05-03-2026 22:28:44', '3010000', '1', '2'),
('212', NULL, 'Khách hàng #212', 'customer212@gmail.com', '0985474497', 'Hà Nội, Việt Nam', '09-01-2026 15:38:09', '1810000', '0', '2'),
('213', NULL, 'Khách hàng #213', 'customer213@gmail.com', '0919941631', 'Hà Nội, Việt Nam', '05-04-2026 18:31:06', '2030000', '0', '2'),
('214', NULL, 'Khách hàng #214', 'customer214@gmail.com', '0988485940', 'Hà Nội, Việt Nam', '25-06-2026 10:36:36', '2580000', '0', '2'),
('215', NULL, 'Khách hàng #215', 'customer215@gmail.com', '0945063378', 'Hà Nội, Việt Nam', '16-02-2026 17:46:50', '5130000', '0', '2'),
('216', NULL, 'Khách hàng #216', 'customer216@gmail.com', '0939172511', 'Hà Nội, Việt Nam', '15-06-2026 13:40:59', '1910000', '0', '2'),
('217', NULL, 'Khách hàng #217', 'customer217@gmail.com', '0957970437', 'Hà Nội, Việt Nam', '04-02-2026 12:08:06', '2600000', '0', '2'),
('218', NULL, 'Khách hàng #218', 'customer218@gmail.com', '0955411070', 'Hà Nội, Việt Nam', '26-05-2026 22:20:03', '4480000', '0', '2'),
('219', NULL, 'Khách hàng #219', 'customer219@gmail.com', '0938236738', 'Hà Nội, Việt Nam', '03-06-2026 18:04:38', '4900000', '0', '2'),
('220', NULL, 'Khách hàng #220', 'customer220@gmail.com', '0929522923', 'Hà Nội, Việt Nam', '06-05-2026 08:02:11', '4710000', '1', '2'),
('221', NULL, 'Khách hàng #221', 'customer221@gmail.com', '0911622305', 'Hà Nội, Việt Nam', '02-02-2026 08:16:26', '1470000', '1', '2'),
('222', NULL, 'Khách hàng #222', 'customer222@gmail.com', '0981116357', 'Hà Nội, Việt Nam', '21-04-2026 10:18:54', '2130000', '1', '2'),
('223', NULL, 'Khách hàng #223', 'customer223@gmail.com', '0911056645', 'Hà Nội, Việt Nam', '04-03-2026 11:59:41', '1820000', '0', '2'),
('224', NULL, 'Khách hàng #224', 'customer224@gmail.com', '0948548129', 'Hà Nội, Việt Nam', '10-02-2026 18:08:49', '4030000', '0', '2'),
('225', NULL, 'Khách hàng #225', 'customer225@gmail.com', '0992013696', 'Hà Nội, Việt Nam', '25-04-2026 15:40:23', '3180000', '0', '2'),
('226', NULL, 'Khách hàng #226', 'customer226@gmail.com', '0929915439', 'Hà Nội, Việt Nam', '09-04-2026 08:08:22', '3240000', '1', '2'),
('227', NULL, 'Khách hàng #227', 'customer227@gmail.com', '0983378152', 'Hà Nội, Việt Nam', '03-04-2026 09:53:54', '2880000', '0', '2'),
('228', NULL, 'Khách hàng #228', 'customer228@gmail.com', '0917027617', 'Hà Nội, Việt Nam', '27-05-2026 08:02:19', '2040000', '1', '2'),
('229', NULL, 'Khách hàng #229', 'customer229@gmail.com', '0946492067', 'Hà Nội, Việt Nam', '17-03-2026 13:54:55', '2430000', '0', '2'),
('230', NULL, 'Khách hàng #230', 'customer230@gmail.com', '0964673202', 'Hà Nội, Việt Nam', '15-02-2026 18:19:36', '4080000', '1', '2'),
('231', NULL, 'Khách hàng #231', 'customer231@gmail.com', '0994257904', 'Hà Nội, Việt Nam', '06-05-2026 10:29:53', '5840000', '0', '2'),
('232', NULL, 'Khách hàng #232', 'customer232@gmail.com', '0931930836', 'Hà Nội, Việt Nam', '09-03-2026 15:35:37', '2730000', '0', '2'),
('233', NULL, 'Khách hàng #233', 'customer233@gmail.com', '0922982918', 'Hà Nội, Việt Nam', '06-04-2026 14:30:38', '3970000', '1', '2'),
('234', NULL, 'Khách hàng #234', 'customer234@gmail.com', '0964564939', 'Hà Nội, Việt Nam', '23-02-2026 09:55:52', '1160000', '0', '2'),
('235', NULL, 'Khách hàng #235', 'customer235@gmail.com', '0916404994', 'Hà Nội, Việt Nam', '16-04-2026 19:04:22', '4390000', '1', '2'),
('236', NULL, 'Khách hàng #236', 'customer236@gmail.com', '0962701615', 'Hà Nội, Việt Nam', '06-06-2026 10:52:40', '3790000', '1', '2'),
('237', NULL, 'Khách hàng #237', 'customer237@gmail.com', '0912353572', 'Hà Nội, Việt Nam', '26-04-2026 16:15:36', '2520000', '0', '2'),
('238', NULL, 'Khách hàng #238', 'customer238@gmail.com', '0912368981', 'Hà Nội, Việt Nam', '13-02-2026 08:38:11', '5200000', '0', '2'),
('239', NULL, 'Khách hàng #239', 'customer239@gmail.com', '0939574033', 'Hà Nội, Việt Nam', '25-02-2026 20:39:24', '1830000', '0', '2'),
('240', NULL, 'Khách hàng #240', 'customer240@gmail.com', '0923469273', 'Hà Nội, Việt Nam', '25-06-2026 21:45:10', '3840000', '0', '2'),
('241', NULL, 'Khách hàng #241', 'customer241@gmail.com', '0998391529', 'Hà Nội, Việt Nam', '18-02-2026 10:50:07', '5270000', '0', '2'),
('242', NULL, 'Khách hàng #242', 'customer242@gmail.com', '0985126992', 'Hà Nội, Việt Nam', '25-06-2026 14:50:31', '4560000', '1', '2'),
('243', NULL, 'Khách hàng #243', 'customer243@gmail.com', '0992678556', 'Hà Nội, Việt Nam', '21-03-2026 09:20:35', '1020000', '1', '2'),
('244', NULL, 'Khách hàng #244', 'customer244@gmail.com', '0963151105', 'Hà Nội, Việt Nam', '13-04-2026 14:44:33', '1770000', '0', '2'),
('245', NULL, 'Khách hàng #245', 'customer245@gmail.com', '0996103106', 'Hà Nội, Việt Nam', '05-02-2026 14:07:36', '5560000', '0', '2'),
('246', NULL, 'Khách hàng #246', 'customer246@gmail.com', '0999410053', 'Hà Nội, Việt Nam', '01-02-2026 11:49:01', '3070000', '0', '2'),
('247', NULL, 'Khách hàng #247', 'customer247@gmail.com', '0953765476', 'Hà Nội, Việt Nam', '12-02-2026 11:05:27', '2260000', '1', '2'),
('248', NULL, 'Khách hàng #248', 'customer248@gmail.com', '0936646605', 'Hà Nội, Việt Nam', '27-05-2026 13:07:20', '3350000', '1', '2'),
('249', NULL, 'Khách hàng #249', 'customer249@gmail.com', '0956797864', 'Hà Nội, Việt Nam', '23-04-2026 20:26:48', '4390000', '1', '2'),
('250', NULL, 'Khách hàng #250', 'customer250@gmail.com', '0971567151', 'Hà Nội, Việt Nam', '07-03-2026 12:29:14', '145900220', '0', '2'),
('251', NULL, 'Khách hàng #251', 'customer251@gmail.com', '0962580894', 'Hà Nội, Việt Nam', '09-06-2026 09:42:21', '1230000', '1', '0'),
('252', NULL, 'Khách hàng #252', 'customer252@gmail.com', '0946807572', 'Hà Nội, Việt Nam', '06-05-2026 11:59:07', '870000', '0', '0'),
('253', NULL, 'Khách hàng #253', 'customer253@gmail.com', '0922986881', 'Hà Nội, Việt Nam', '14-06-2026 14:47:21', '1370000', '1', '0'),
('254', NULL, 'Khách hàng #254', 'customer254@gmail.com', '0948492076', 'Hà Nội, Việt Nam', '28-05-2026 20:17:05', '2060000', '1', '0'),
('255', NULL, 'Khách hàng #255', 'customer255@gmail.com', '0984067704', 'Hà Nội, Việt Nam', '15-06-2026 12:35:47', '800000', '1', '0'),
('256', NULL, 'Khách hàng #256', 'customer256@gmail.com', '0990780049', 'Hà Nội, Việt Nam', '24-06-2026 15:11:41', '1140000', '0', '0'),
('257', NULL, 'Khách hàng #257', 'customer257@gmail.com', '0962678128', 'Hà Nội, Việt Nam', '25-06-2026 11:25:36', '1190000', '1', '0'),
('258', NULL, 'Khách hàng #258', 'customer258@gmail.com', '0960667198', 'Hà Nội, Việt Nam', '18-06-2026 22:45:29', '2960000', '0', '0'),
('259', NULL, 'Khách hàng #259', 'customer259@gmail.com', '0994880897', 'Hà Nội, Việt Nam', '26-06-2026 16:35:13', '2090000', '1', '0'),
('260', NULL, 'Khách hàng #260', 'customer260@gmail.com', '0989797661', 'Hà Nội, Việt Nam', '16-05-2026 17:56:12', '1720000', '1', '0'),
('261', NULL, 'Khách hàng #261', 'customer261@gmail.com', '0927934759', 'Hà Nội, Việt Nam', '09-06-2026 17:30:21', '560000', '1', '0'),
('262', NULL, 'Khách hàng #262', 'customer262@gmail.com', '0977321186', 'Hà Nội, Việt Nam', '05-05-2026 11:37:25', '1070000', '1', '0'),
('263', NULL, 'Khách hàng #263', 'customer263@gmail.com', '0978852756', 'Hà Nội, Việt Nam', '06-06-2026 17:47:13', '730000', '1', '0'),
('264', NULL, 'Khách hàng #264', 'customer264@gmail.com', '0998538474', 'Hà Nội, Việt Nam', '23-05-2026 10:05:19', '1350000', '1', '0'),
('265', NULL, 'Khách hàng #265', 'customer265@gmail.com', '0916634669', 'Hà Nội, Việt Nam', '07-05-2026 08:45:17', '2300000', '0', '0'),
('266', NULL, 'Khách hàng #266', 'customer266@gmail.com', '0997778257', 'Hà Nội, Việt Nam', '26-05-2026 18:47:37', '2940000', '0', '1'),
('267', NULL, 'Khách hàng #267', 'customer267@gmail.com', '0961439244', 'Hà Nội, Việt Nam', '05-06-2026 13:02:11', '2780000', '0', '1'),
('268', NULL, 'Khách hàng #268', 'customer268@gmail.com', '0934862295', 'Hà Nội, Việt Nam', '22-06-2026 20:09:37', '1570000', '1', '1'),
('269', NULL, 'Khách hàng #269', 'customer269@gmail.com', '0989161574', 'Hà Nội, Việt Nam', '28-05-2026 19:59:55', '1340000', '0', '1'),
('270', NULL, 'Khách hàng #270', 'customer270@gmail.com', '0980942658', 'Hà Nội, Việt Nam', '05-06-2026 21:12:22', '1960000', '1', '1'),
('271', NULL, 'Khách hàng #271', 'customer271@gmail.com', '0993177107', 'Hà Nội, Việt Nam', '12-05-2026 08:23:54', '500000', '0', '1'),
('272', NULL, 'Khách hàng #272', 'customer272@gmail.com', '0995056511', 'Hà Nội, Việt Nam', '23-06-2026 13:34:51', '2860000', '0', '1'),
('273', NULL, 'Khách hàng #273', 'customer273@gmail.com', '0919746472', 'Hà Nội, Việt Nam', '27-05-2026 10:01:35', '1110000', '0', '1'),
('274', NULL, 'Khách hàng #274', 'customer274@gmail.com', '0946981161', 'Hà Nội, Việt Nam', '22-06-2026 08:44:28', '1260000', '0', '1'),
('275', NULL, 'Khách hàng #275', 'customer275@gmail.com', '0988851846', 'Hà Nội, Việt Nam', '01-06-2026 20:06:18', '1350000', '1', '1'),
('276', NULL, 'Khách hàng #276', 'customer276@gmail.com', '0924487885', 'Hà Nội, Việt Nam', '13-05-2026 14:11:10', '1150000', '0', '3'),
('277', NULL, 'Khách hàng #277', 'customer277@gmail.com', '0934715763', 'Hà Nội, Việt Nam', '06-05-2026 11:47:13', '2290000', '0', '3'),
('278', NULL, 'Khách hàng #278', 'customer278@gmail.com', '0924085578', 'Hà Nội, Việt Nam', '03-05-2026 16:27:10', '600000', '1', '3'),
('279', NULL, 'Khách hàng #279', 'customer279@gmail.com', '0913032620', 'Hà Nội, Việt Nam', '05-05-2026 15:05:29', '2330000', '1', '3'),
('280', NULL, 'Khách hàng #280', 'customer280@gmail.com', '0991897327', 'Hà Nội, Việt Nam', '12-05-2026 09:29:34', '900000', '0', '3'),
('281', NULL, 'Khách hàng #281', 'customer281@gmail.com', '0947816673', 'Hà Nội, Việt Nam', '27-05-2026 22:29:10', '2230000', '1', '3'),
('282', NULL, 'Khách hàng #282', 'customer282@gmail.com', '0954005900', 'Hà Nội, Việt Nam', '17-06-2026 12:43:07', '1480000', '0', '3'),
('283', NULL, 'Khách hàng #283', 'customer283@gmail.com', '0985468965', 'Hà Nội, Việt Nam', '05-05-2026 22:33:07', '2130000', '1', '3'),
('284', NULL, 'Khách hàng #284', 'customer284@gmail.com', '0954589939', 'Hà Nội, Việt Nam', '17-05-2026 21:45:18', '1470000', '1', '3'),
('285', NULL, 'Khách hàng #285', 'customer285@gmail.com', '0938813318', 'Hà Nội, Việt Nam', '02-05-2026 10:48:37', '1290000', '0', '3'),
('286', NULL, 'Khách hàng #286', 'customer286@gmail.com', '0924062483', 'Hà Nội, Việt Nam', '05-05-2026 22:41:46', '1440000', '1', '3'),
('287', NULL, 'Khách hàng #287', 'customer287@gmail.com', '0990565694', 'Hà Nội, Việt Nam', '19-06-2026 11:35:44', '1030000', '1', '3'),
('288', NULL, 'Khách hàng #288', 'customer288@gmail.com', '0948543858', 'Hà Nội, Việt Nam', '08-05-2026 08:31:49', '1400000', '1', '3'),
('289', NULL, 'Khách hàng #289', 'customer289@gmail.com', '0966502518', 'Hà Nội, Việt Nam', '11-06-2026 17:40:53', '1930000', '0', '3'),
('290', NULL, 'Khách hàng #290', 'customer290@gmail.com', '0930540474', 'Hà Nội, Việt Nam', '26-05-2026 19:28:06', '2340000', '1', '3');

CREATE TABLE `chitiet_donhang` (
  `id` int(11) NOT NULL AUTO_INCREMENT,
  `id_donhang` int(11) NOT NULL,
  `id_sanpham` int(11) NOT NULL,
  `ten_sanpham` varchar(255) NOT NULL,
  `hinh_anh` varchar(255) NOT NULL,
  `gia` double NOT NULL,
  `so_luong` int(11) NOT NULL,
  `size` varchar(10) DEFAULT NULL,
  PRIMARY KEY (`id`),
  KEY `id_donhang` (`id_donhang`),
  KEY `id_sanpham` (`id_sanpham`),
  CONSTRAINT `chitiet_donhang_ibfk_1` FOREIGN KEY (`id_donhang`) REFERENCES `donhang` (`id`) ON DELETE CASCADE,
  CONSTRAINT `chitiet_donhang_ibfk_2` FOREIGN KEY (`id_sanpham`) REFERENCES `sanpham` (`id`) ON DELETE CASCADE
) ENGINE=InnoDB AUTO_INCREMENT=423 DEFAULT CHARSET=utf8mb4 COLLATE=utf8mb4_general_ci;

INSERT INTO `chitiet_donhang` (`id`, `id_donhang`, `id_sanpham`, `ten_sanpham`, `hinh_anh`, `gia`, `so_luong`, `size`) VALUES
('1', '1', '233', 'Giày Adidas Air Max Zoom #114', 'uploads/sneaker_114.svg', '1550000', '1', '40'),
('2', '1', '14', 'Mizuno Mizuno Alpha #14', 'uploads/shoe_14.svg', '3740000', '1', '41'),
('3', '2', '123', 'Giày Li-Ning cầu lông Feiying AYTU001-4', 'uploads/sneaker_4.svg', '4410000', '1', '42'),
('4', '3', '72', 'Quả Bóng Đá AFC Challenge League mã AFC25QU5000C', 'assets/images/ball_afc_4_1782372790473.png', '5170000', '1', '39'),
('5', '4', '52', 'Pan Pan Fighter #52', 'uploads/shoe_52.svg', '1440000', '1', '41'),
('6', '5', '63', 'Pan Pan Super Sonic #63', 'uploads/shoe_63.svg', '1330000', '1', '39'),
('7', '6', '34', 'Nike Tiempo Legend #34', 'uploads/shoe_34.svg', '1820000', '1', '39'),
('8', '6', '109', 'Giày đá bóng cỏ nhân tạo Nike Tiempo Maestro Academy TF Breakout - Pink/Black IQ2388-901', 'uploads/nike_tiempo_maestro_tf.png', '530000', '1', '43'),
('9', '7', '155', 'Giày Li-Ning Court Pro #36', 'uploads/sneaker_36.svg', '2840000', '1', '42'),
('10', '7', '101', 'Giày Pickleball Asics Gel Resolution X GS 1044A081 - 400', 'uploads/asics_gel_resolution_x.svg', '10000', '1', '42'),
('11', '8', '254', 'Giày Mizuno Air Max Zoom #135', 'uploads/sneaker_135.svg', '3970000', '1', '41'),
('12', '8', '40', 'Wika Wika Submax #40', 'uploads/shoe_40.svg', '580000', '1', '40'),
('13', '9', '202', 'Giày Jordan Style Runner #83', 'uploads/sneaker_83.svg', '5120000', '1', '40'),
('14', '10', '175', 'Giày Asics Flex Comfort #56', 'uploads/sneaker_56.svg', '3960000', '1', '43'),
('15', '11', '200', 'Giày Nike Super Speed #81', 'uploads/sneaker_81.svg', '5970000', '1', '41'),
('16', '12', '76', 'Giày Pickleball Nike Court Air Zoom Vapor Pro 3 Hc - FZ2161-101 - Trắng/Đen', 'uploads/nike_court_vapor_pro_3_black.svg', '1960000', '1', '43'),
('17', '13', '1', 'Nike Mercurial Vapor #1', 'uploads/shoe_1.svg', '830000', '1', '41'),
('18', '13', '92', 'Bóng Pickleball Joola 3S Dual - 3 Quả', 'uploads/pickleball_joola_3s_dual.svg', '4080000', '1', '40'),
('19', '14', '59', 'Puma King Pro #59', 'uploads/shoe_59.svg', '1110000', '1', '39'),
('20', '14', '214', 'Giày Mizuno Super Speed #95', 'uploads/sneaker_95.svg', '10000', '1', '43'),
('21', '15', '23', 'Nike Phantom GX #23', 'uploads/shoe_23.svg', '1490000', '1', '43'),
('22', '15', '257', 'Giày Adidas City Walk #138', 'uploads/sneaker_138.svg', '3410000', '1', '40'),
('23', '16', '258', 'Giày Jordan Style Runner #139', 'uploads/sneaker_139.svg', '3289500', '1', '40'),
('24', '16', '206', 'Giày Mizuno Retro Classic #87', 'uploads/sneaker_87.svg', '1810500', '1', '40'),
('25', '17', '18', 'Wika Wika Flash #18', 'uploads/shoe_18.svg', '4710000', '1', '42'),
('26', '18', '214', 'Giày Mizuno Super Speed #95', 'uploads/sneaker_95.svg', '4220000', '1', '41'),
('27', '18', '148', 'Giày New Balance Court Pro #29', 'uploads/sneaker_29.svg', '380000', '1', '39'),
('28', '19', '179', 'Giày Li-Ning Super Speed #60', 'uploads/sneaker_60.svg', '4060000', '1', '43'),
('29', '19', '48', 'Puma Future Ultimate #48', 'uploads/shoe_48.svg', '450000', '1', '39'),
('30', '20', '181', 'Giày Puma Style Runner #62', 'uploads/sneaker_62.svg', '3400000', '1', '42'),
('31', '21', '57', 'Adidas Predator Accuracy #57', 'uploads/shoe_57.svg', '4850000', '1', '39'),
('32', '22', '83', 'Vợt Pickleball Joola Hyperion Pro V', 'uploads/joola_hyperion_pro_v.svg', '3260000', '1', '40'),
('33', '22', '197', 'Giày Puma Court Pro #78', 'uploads/sneaker_78.svg', '10000', '1', '43'),
('34', '23', '35', 'Adidas Copa Pure #35', 'uploads/shoe_35.svg', '1330000', '1', '39'),
('35', '23', '202', 'Giày Jordan Style Runner #83', 'uploads/sneaker_83.svg', '10000', '1', '43'),
('36', '24', '18', 'Wika Wika Flash #18', 'uploads/shoe_18.svg', '1450000', '1', '43'),
('37', '25', '55', 'NMS NMS Elite #55', 'uploads/shoe_55.svg', '1820000', '1', '39'),
('38', '25', '9', 'Adidas Copa Pure 3 League TF - Pure Victory', 'assets/images/adidas_copa_pure3.png', '10000', '1', '41'),
('39', '26', '235', 'Giày Li-Ning Super Speed #116', 'uploads/sneaker_116.svg', '5100000', '1', '43'),
('40', '27', '194', 'Giày Jordan City Walk #75', 'uploads/sneaker_75.svg', '1770000', '1', '42'),
('41', '28', '240', 'Giày Nike Air Max Zoom #121', 'uploads/sneaker_121.svg', '3990000', '1', '41'),
('42', '29', '169', 'Giày Adidas Court Pro #50', 'uploads/sneaker_50.svg', '1490000', '1', '41'),
('43', '29', '70', 'Quả Bóng Đá Kelme Mã 9886130', 'assets/images/ball_kelme_2_1782372767938.png', '10000', '1', '41'),
('44', '30', '37', 'Puma Future Play #37', 'uploads/shoe_37.svg', '4720000', '1', '43'),
('45', '31', '110', 'Giày đá bóng cỏ nhân tạo Nike Phantom 6 Academy Low Cut TF Breakout - Pink/White/Black IQ2399-900', 'uploads/nike_phantom_g_academy_tf.png', '2380000', '1', '42'),
('46', '31', '176', 'Giày Nike Court Pro #57', 'uploads/sneaker_57.svg', '10000', '1', '41'),
('47', '32', '193', 'Giày Adidas Super Speed #74', 'uploads/sneaker_74.svg', '1130000', '1', '43'),
('48', '32', '51', 'Wika Wika Legend #51', 'uploads/shoe_51.svg', '10000', '1', '40'),
('49', '33', '37', 'Puma Future Play #37', 'uploads/shoe_37.svg', '1850000', '1', '43'),
('50', '34', '140', 'Giày New Balance Flex Comfort #21', 'uploads/sneaker_21.svg', '1930000', '1', '41'),
('51', '34', '70', 'Quả Bóng Đá Kelme Mã 9886130', 'assets/images/ball_kelme_2_1782372767938.png', '10000', '1', '42'),
('52', '35', '23', 'Nike Phantom GX #23', 'uploads/shoe_23.svg', '5850000', '1', '41'),
('53', '36', '163', 'Giày Li-Ning Air Max Zoom #44', 'uploads/sneaker_44.svg', '2880000', '1', '43'),
('54', '37', '81', 'Giày Pickleball Joma P.Stroke Men - PSTROS2502 - Màu Trắng', 'uploads/joma_p_stroke_white.svg', '3590000', '1', '39'),
('55', '38', '125', 'Giày New Balance 878 \'Navy Silver\' CM878KE1', 'uploads/sneaker_6.svg', '2290000', '1', '39'),
('56', '38', '23', 'Nike Phantom GX #23', 'uploads/shoe_23.svg', '1530000', '1', '39'),
('57', '39', '12', 'Giày Bóng Đá Kelme TF Mã 8531ZX1036', 'assets/images/kelme_tf.png', '936000', '1', '42'),
('58', '39', '28', 'Zocker Zocker Focus #28', 'uploads/shoe_28.svg', '1594000', '1', '39'),
('59', '40', '63', 'Pan Pan Super Sonic #63', 'uploads/shoe_63.svg', '2286500', '1', '40'),
('60', '40', '143', 'Giày Asics Retro Classic #24', 'uploads/sneaker_24.svg', '1433500', '1', '42'),
('61', '41', '144', 'Giày Nike Super Speed #25', 'uploads/sneaker_25.svg', '3100000', '1', '42'),
('62', '42', '176', 'Giày Nike Court Pro #57', 'uploads/sneaker_57.svg', '3290000', '1', '43'),
('63', '43', '46', 'Adidas F50 League #46', 'uploads/shoe_46.svg', '2610000', '1', '39'),
('64', '44', '162', 'Giày Jordan Court Pro #43', 'uploads/sneaker_43.svg', '5300000', '1', '43'),
('65', '45', '47', 'Mizuno Monarcida Neo Select #47', 'uploads/shoe_47.svg', '5570000', '1', '40'),
('66', '46', '110', 'Giày đá bóng cỏ nhân tạo Nike Phantom 6 Academy Low Cut TF Breakout - Pink/White/Black IQ2399-900', 'uploads/nike_phantom_g_academy_tf.png', '5650000', '1', '43'),
('67', '47', '123', 'Giày Li-Ning cầu lông Feiying AYTU001-4', 'uploads/sneaker_4.svg', '2860000', '1', '40'),
('68', '48', '226', 'Giày Jordan Air Max Zoom #107', 'uploads/sneaker_107.svg', '2780000', '1', '42'),
('69', '49', '183', 'Giày Asics Court Pro #64', 'uploads/sneaker_64.svg', '1870000', '1', '41'),
('70', '49', '78', 'Giày Pickleball Nike Court Lite 4 - FD6574-106 - Xanh/Trắng', 'uploads/nike_court_lite_4_blue.svg', '2730000', '1', '41'),
('71', '50', '122', 'Giày Nike Air Max DN \'Black White\' (WMNS) FJ3145-002', 'uploads/sneaker_3.svg', '4200000', '1', '42'),
('72', '50', '214', 'Giày Mizuno Super Speed #95', 'uploads/sneaker_95.svg', '1330000', '1', '40'),
('73', '51', '107', 'Giày đá bóng cỏ nhân tạo Nike Phantom 6 Pro Low Cut TF Breakout - Pink/White/Black IQ2155-900', 'uploads/nike_phantom_g_pro_tf.png', '2460000', '1', '41'),
('74', '52', '233', 'Giày Adidas Air Max Zoom #114', 'uploads/sneaker_114.svg', '5260000', '1', '39'),
('75', '53', '209', 'Giày Adidas Style Runner #90', 'uploads/sneaker_90.svg', '4450000', '1', '43'),
('76', '54', '5', 'Kamito Velocidad II #5', 'uploads/shoe_5.svg', '5350000', '1', '42'),
('77', '55', '165', 'Giày Puma Super Speed #46', 'uploads/sneaker_46.svg', '4430000', '1', '43'),
('78', '56', '65', 'Kelme Kelme Star #65', 'uploads/shoe_65.svg', '2780000', '1', '39'),
('79', '57', '104', 'Giày đá bóng cỏ nhân tạo Adidas F50 Messi League TF El Ultimo Tango - Ivory/Semi Blue Burst/Icey Blue IH1903', 'uploads/adidas_f50_messi_tf.png', '2450000', '1', '43'),
('80', '57', '198', 'Giày Mizuno Air Max Zoom #79', 'uploads/sneaker_79.svg', '2930000', '1', '43'),
('81', '58', '128', 'Giày Air Jordan 1 Low \'Pine Green\' 553558-301', 'uploads/sneaker_9.svg', '1610000', '1', '43'),
('82', '58', '205', 'Giày Puma Air Max Zoom #86', 'uploads/sneaker_86.svg', '10000', '1', '41'),
('83', '59', '93', 'Hộp 3 Quả Bóng Pickleball Franklin Signature', 'uploads/pickleball_franklin_sig.svg', '180000', '1', '41'),
('84', '59', '122', 'Giày Nike Air Max DN \'Black White\' (WMNS) FJ3145-002', 'uploads/sneaker_3.svg', '2000000', '1', '40'),
('85', '60', '199', 'Giày Asics Retro Classic #80', 'uploads/sneaker_80.svg', '2030000', '1', '41'),
('86', '61', '202', 'Giày Jordan Style Runner #83', 'uploads/sneaker_83.svg', '1820000', '1', '42'),
('87', '61', '143', 'Giày Asics Retro Classic #24', 'uploads/sneaker_24.svg', '1530000', '1', '40'),
('88', '62', '228', 'Giày New Balance Super Speed #109', 'uploads/sneaker_109.svg', '3830000', '1', '40'),
('89', '63', '53', 'Jogarbola JGBL Color #53', 'uploads/shoe_53.svg', '2390000', '1', '43'),
('90', '63', '120', 'Giày Nike Freak 5 \'Alphabet Bros\' DX4985-600', 'uploads/sneaker_1.svg', '1050000', '1', '42'),
('91', '64', '232', 'Giày Nike Court Pro #113', 'uploads/sneaker_113.svg', '2280000', '1', '43'),
('92', '65', '235', 'Giày Li-Ning Super Speed #116', 'uploads/sneaker_116.svg', '5560000', '1', '43'),
('93', '66', '232', 'Giày Nike Court Pro #113', 'uploads/sneaker_113.svg', '1250000', '1', '41'),
('94', '67', '252', 'Giày New Balance Flex Comfort #133', 'uploads/sneaker_133.svg', '1720000', '1', '39'),
('95', '67', '133', 'Giày Puma Flex Comfort #14', 'uploads/sneaker_14.svg', '10000', '1', '42'),
('96', '68', '1', 'Nike Mercurial Vapor #1', 'uploads/shoe_1.svg', '830000', '1', '42'),
('97', '68', '64', 'Jogarbola Jogarbola Swift #64', 'uploads/shoe_64.svg', '5010000', '1', '40'),
('98', '69', '87', 'Giày Pickleball Nike Court Vapor 12', 'uploads/nike_vapor_12.svg', '2400000', '1', '40'),
('99', '69', '60', 'Kamito Cobra #60', 'uploads/shoe_60.svg', '960000', '1', '40'),
('100', '70', '242', 'Giày Jordan Super Speed #123', 'uploads/sneaker_123.svg', '990000', '1', '43'),
('101', '70', '27', 'Kamito Kamito KL #27', 'uploads/shoe_27.svg', '10000', '1', '43'),
('102', '71', '4', 'Puma Future Ultimate #4', 'uploads/shoe_4.svg', '828000', '1', '42'),
('103', '71', '139', 'Giày Li-Ning Style Runner #20', 'uploads/sneaker_20.svg', '552000', '1', '40'),
('104', '72', '180', 'Giày New Balance City Walk #61', 'uploads/sneaker_61.svg', '1283500', '1', '41'),
('105', '72', '228', 'Giày New Balance Super Speed #109', 'uploads/sneaker_109.svg', '1496500', '1', '43'),
('106', '73', '253', 'Giày Puma Court Pro #134', 'uploads/sneaker_134.svg', '4770000', '1', '40'),
('107', '74', '95', 'Balo Pickleball Joola Backpack', 'uploads/pickleball_joola_backpack.svg', '3370000', '1', '40'),
('108', '75', '12', 'Giày Bóng Đá Kelme TF Mã 8531ZX1036', 'assets/images/kelme_tf.png', '936000', '1', '39'),
('109', '75', '180', 'Giày New Balance City Walk #61', 'uploads/sneaker_61.svg', '4174000', '1', '43'),
('110', '76', '92', 'Bóng Pickleball Joola 3S Dual - 3 Quả', 'uploads/pickleball_joola_3s_dual.svg', '150000', '1', '39'),
('111', '76', '229', 'Giày Puma City Walk #110', 'uploads/sneaker_110.svg', '2210000', '1', '39'),
('112', '77', '3', 'Mizuno Monarcida Neo Select #3', 'uploads/shoe_3.svg', '756500', '1', '39'),
('113', '77', '225', 'Giày Adidas Court Pro #106', 'uploads/sneaker_106.svg', '2023500', '1', '41'),
('114', '78', '220', 'Giày New Balance Retro Classic #101', 'uploads/sneaker_101.svg', '4220000', '1', '43'),
('115', '79', '56', 'Nike Air Zoom Superfly #56', 'uploads/shoe_56.svg', '5000000', '1', '39'),
('116', '80', '178', 'Giày Jordan Retro Classic #59', 'uploads/sneaker_59.svg', '4070000', '1', '40'),
('117', '80', '203', 'Giày Li-Ning Flex Comfort #84', 'uploads/sneaker_84.svg', '820000', '1', '43'),
('118', '81', '102', 'Giày Pickleball Asics Gel Game GS 1044A052 - 406 Teal Blue/White', 'uploads/asics_gel_game_gs_teal.svg', '4660000', '1', '40'),
('119', '82', '67', 'Nike Phantom GX #67', 'uploads/shoe_67.svg', '1970000', '1', '40'),
('120', '82', '195', 'Giày Li-Ning Style Runner #76', 'uploads/sneaker_76.svg', '10000', '1', '43'),
('121', '83', '216', 'Giày Nike Style Runner #97', 'uploads/sneaker_97.svg', '2575500', '1', '42'),
('122', '83', '9', 'Adidas Copa Pure 3 League TF - Pure Victory', 'assets/images/adidas_copa_pure3.png', '2504500', '1', '40'),
('123', '84', '197', 'Giày Puma Court Pro #78', 'uploads/sneaker_78.svg', '2840000', '1', '39'),
('124', '84', '39', 'Zocker Zocker Space #39', 'uploads/shoe_39.svg', '490000', '1', '42'),
('125', '85', '177', 'Giày Adidas Air Max Zoom #58', 'uploads/sneaker_58.svg', '1615000', '1', '39'),
('126', '85', '240', 'Giày Nike Air Max Zoom #121', 'uploads/sneaker_121.svg', '1885000', '1', '39'),
('127', '86', '179', 'Giày Li-Ning Super Speed #60', 'uploads/sneaker_60.svg', '3960000', '1', '41'),
('128', '86', '25', 'Mizuno Morelia Neo IV #25', 'uploads/shoe_25.svg', '10000', '1', '42'),
('129', '87', '134', 'Giày Mizuno Court Pro #15', 'uploads/sneaker_15.svg', '3880000', '1', '43'),
('130', '88', '54', 'Kelme Kelme Intense #54', 'uploads/shoe_54.svg', '2057000', '1', '43'),
('131', '88', '70', 'Quả Bóng Đá Kelme Mã 9886130', 'assets/images/ball_kelme_2_1782372767938.png', '2593000', '1', '42'),
('132', '89', '73', 'Giày Pickleball Asics Gel Dedicate 8 - 1042A257-300 - Xanh Mint/Trắng', 'uploads/asics_gel_dedicate_8_mint.svg', '1460000', '1', '43'),
('133', '89', '176', 'Giày Nike Court Pro #57', 'uploads/sneaker_57.svg', '10000', '1', '41'),
('134', '90', '232', 'Giày Nike Court Pro #113', 'uploads/sneaker_113.svg', '2750000', '1', '41'),
('135', '90', '44', 'NMS NMS Pro #44', 'uploads/shoe_44.svg', '10000', '1', '39'),
('136', '91', '103', 'Giày Pickleball Asics Upcourt 6 - 1074A045 701 - Màu hồng', 'uploads/asics_upcourt_6_pink.svg', '1360000', '1', '42'),
('137', '92', '131', 'Giày Li-Ning City Walk #12', 'uploads/sneaker_12.svg', '4220000', '1', '39'),
('138', '93', '57', 'Adidas Predator Accuracy #57', 'uploads/shoe_57.svg', '2133500', '1', '42'),
('139', '93', '73', 'Giày Pickleball Asics Gel Dedicate 8 - 1042A257-300 - Xanh Mint/Trắng', 'uploads/asics_gel_dedicate_8_mint.svg', '2676500', '1', '40'),
('140', '94', '135', 'Giày Asics Air Max Zoom #16', 'uploads/sneaker_16.svg', '1955000', '1', '40'),
('141', '94', '15', 'Puma King Pro #15', 'uploads/shoe_15.svg', '3735000', '1', '42'),
('142', '95', '137', 'Giày Adidas Super Speed #18', 'uploads/sneaker_18.svg', '1510000', '1', '39'),
('143', '95', '213', 'Giày Puma Retro Classic #94', 'uploads/sneaker_94.svg', '10000', '1', '40'),
('144', '96', '38', 'Kamito TA11 Pro #38', 'uploads/shoe_38.svg', '1830000', '1', '42'),
('145', '96', '71', 'Quả Bóng Đá Kelme MÃ 8101QU5001', 'assets/images/ball_kelme_3_1782372779163.png', '10000', '1', '39'),
('146', '97', '106', 'Giày đá bóng cỏ nhân tạo Adidas Predator League Fold-over Tongue TF Road to Glory - Solar Turbo/Thermal Chrome/Core Black IH7212', 'uploads/adidas_predator_tf.png', '4390000', '1', '40'),
('147', '98', '8', 'Pan Pan Fighter #8', 'uploads/shoe_8.svg', '5510000', '1', '40'),
('148', '99', '89', 'Giày Pickleball Asics Court FF 3 -1041A370-106 - Trắng/Hồng/Xanh', 'uploads/asics_court_ff_3.svg', '5940000', '1', '42'),
('149', '100', '202', 'Giày Jordan Style Runner #83', 'uploads/sneaker_83.svg', '1980000', '1', '43'),
('150', '101', '243', 'Giày Li-Ning City Walk #124', 'uploads/sneaker_124.svg', '3621000', '1', '42'),
('151', '101', '242', 'Giày Jordan Super Speed #123', 'uploads/sneaker_123.svg', '819000', '1', '39'),
('152', '102', '228', 'Giày New Balance Super Speed #109', 'uploads/sneaker_109.svg', '2080000', '1', '42'),
('153', '102', '204', 'Giày New Balance Court Pro #85', 'uploads/sneaker_85.svg', '10000', '1', '43'),
('154', '103', '58', 'Mizuno Mizuno Alpha #58', 'uploads/shoe_58.svg', '2540000', '1', '39'),
('155', '103', '169', 'Giày Adidas Court Pro #50', 'uploads/sneaker_50.svg', '3070000', '1', '42'),
('156', '104', '229', 'Giày Puma City Walk #110', 'uploads/sneaker_110.svg', '1260000', '1', '40'),
('157', '104', '48', 'Puma Future Ultimate #48', 'uploads/shoe_48.svg', '10000', '1', '39'),
('158', '105', '215', 'Giày Asics City Walk #96', 'uploads/sneaker_96.svg', '5590000', '1', '40'),
('159', '106', '11', 'Puma Future 8 Pro Cage TT Audacity - 108366-03', 'assets/images/puma_future8.png', '1750000', '1', '43'),
('160', '106', '62', 'Wika Wika Flash #62', 'uploads/shoe_62.svg', '3640000', '1', '39'),
('161', '107', '174', 'Giày Mizuno Style Runner #55', 'uploads/sneaker_55.svg', '1581000', '1', '43'),
('162', '107', '219', 'Giày Li-Ning Air Max Zoom #100', 'uploads/sneaker_100.svg', '1239000', '1', '41'),
('163', '108', '206', 'Giày Mizuno Retro Classic #87', 'uploads/sneaker_87.svg', '2310000', '1', '42'),
('164', '108', '28', 'Zocker Zocker Focus #28', 'uploads/shoe_28.svg', '10000', '1', '43'),
('165', '109', '210', 'Giày Jordan Flex Comfort #91', 'uploads/sneaker_91.svg', '1500000', '1', '43'),
('166', '109', '33', 'NMS NMS Classico #33', 'uploads/shoe_33.svg', '10000', '1', '41'),
('167', '110', '259', 'Giày Li-Ning Flex Comfort #140', 'uploads/sneaker_140.svg', '2060000', '1', '43'),
('168', '110', '25', 'Mizuno Morelia Neo IV #25', 'uploads/shoe_25.svg', '2250000', '1', '42'),
('169', '111', '201', 'Giày Adidas City Walk #82', 'uploads/sneaker_82.svg', '3230000', '1', '39'),
('170', '112', '151', 'Giày Asics Super Speed #32', 'uploads/sneaker_32.svg', '1220000', '1', '40'),
('171', '112', '201', 'Giày Adidas City Walk #82', 'uploads/sneaker_82.svg', '10000', '1', '40'),
('172', '113', '56', 'Nike Air Zoom Superfly #56', 'uploads/shoe_56.svg', '5770000', '1', '39'),
('173', '114', '166', 'Giày Mizuno City Walk #47', 'uploads/sneaker_47.svg', '2390000', '1', '39'),
('174', '114', '203', 'Giày Li-Ning Flex Comfort #84', 'uploads/sneaker_84.svg', '3140000', '1', '41'),
('175', '115', '147', 'Giày Li-Ning Flex Comfort #28', 'uploads/sneaker_28.svg', '1730000', '1', '42'),
('176', '116', '217', 'Giày Adidas Flex Comfort #98', 'uploads/sneaker_98.svg', '2930000', '1', '40'),
('177', '117', '213', 'Giày Puma Retro Classic #94', 'uploads/sneaker_94.svg', '1275000', '1', '40'),
('178', '117', '81', 'Giày Pickleball Joma P.Stroke Men - PSTROS2502 - Màu Trắng', 'uploads/joma_p_stroke_white.svg', '1845000', '1', '40'),
('179', '118', '134', 'Giày Mizuno Court Pro #15', 'uploads/sneaker_15.svg', '3510000', '1', '42'),
('180', '119', '165', 'Giày Puma Super Speed #46', 'uploads/sneaker_46.svg', '1910000', '1', '43'),
('181', '120', '15', 'Puma King Pro #15', 'uploads/shoe_15.svg', '2880000', '1', '39'),
('182', '121', '171', 'Giày Li-Ning Retro Classic #52', 'uploads/sneaker_52.svg', '4640000', '1', '42'),
('183', '122', '36', 'Mizuno Morelia Sala #36', 'uploads/shoe_36.svg', '1530000', '1', '40'),
('184', '123', '151', 'Giày Asics Super Speed #32', 'uploads/sneaker_32.svg', '2120000', '1', '39'),
('185', '124', '216', 'Giày Nike Style Runner #97', 'uploads/sneaker_97.svg', '2300000', '1', '39'),
('186', '125', '175', 'Giày Asics Flex Comfort #56', 'uploads/sneaker_56.svg', '1530000', '1', '39'),
('187', '125', '2', 'Adidas F50 League #2', 'uploads/shoe_2.svg', '1000000', '1', '40'),
('188', '126', '205', 'Giày Puma Air Max Zoom #86', 'uploads/sneaker_86.svg', '1970000', '1', '43'),
('189', '126', '99', 'Giày Pickleball Asics Gel Game FF - 1041A489-103 - White/Dark Cobalt', 'uploads/asics_gel_game_ff_cobalt.svg', '1470000', '1', '43'),
('190', '127', '145', 'Giày Adidas City Walk #26', 'uploads/sneaker_26.svg', '2230000', '1', '39'),
('191', '128', '173', 'Giày Puma City Walk #54', 'uploads/sneaker_54.svg', '2110000', '1', '41'),
('192', '129', '210', 'Giày Jordan Flex Comfort #91', 'uploads/sneaker_91.svg', '4470000', '1', '43'),
('193', '130', '238', 'Giày Mizuno Flex Comfort #119', 'uploads/sneaker_119.svg', '3080000', '1', '40'),
('194', '130', '94', 'Bóng Pickleball Facolos Elite - Hộp 6 Quả', 'uploads/pickleball_facolos_elite.svg', '10000', '1', '42'),
('195', '131', '123', 'Giày Li-Ning cầu lông Feiying AYTU001-4', 'uploads/sneaker_4.svg', '5090000', '1', '40'),
('196', '132', '194', 'Giày Jordan City Walk #75', 'uploads/sneaker_75.svg', '2160000', '1', '41'),
('197', '132', '7', 'Wika Wika Legend #7', 'uploads/shoe_7.svg', '130000', '1', '41'),
('198', '133', '50', 'Zocker Winner #50', 'uploads/shoe_50.svg', '1430000', '1', '39'),
('199', '134', '161', 'Giày Adidas Flex Comfort #42', 'uploads/sneaker_42.svg', '2180000', '1', '39'),
('200', '134', '3', 'Mizuno Monarcida Neo Select #3', 'uploads/shoe_3.svg', '1760000', '1', '43'),
('201', '135', '52', 'Pan Pan Fighter #52', 'uploads/shoe_52.svg', '4460000', '1', '41'),
('202', '136', '178', 'Giày Jordan Retro Classic #59', 'uploads/sneaker_59.svg', '2610000', '1', '43'),
('203', '137', '200', 'Giày Nike Super Speed #81', 'uploads/sneaker_81.svg', '2420000', '1', '43'),
('204', '137', '121', 'Giày Nike SB Air Max Ishod \'Silver Bullet\' HF3062-001', 'uploads/sneaker_2.svg', '250000', '1', '43'),
('205', '138', '52', 'Pan Pan Fighter #52', 'uploads/shoe_52.svg', '2990000', '1', '40'),
('206', '139', '168', 'Giày Nike Flex Comfort #49', 'uploads/sneaker_49.svg', '2422500', '1', '42'),
('207', '139', '57', 'Adidas Predator Accuracy #57', 'uploads/shoe_57.svg', '1927500', '1', '39'),
('208', '140', '41', 'Pan Pan Vigor #41', 'uploads/shoe_41.svg', '3220000', '1', '43'),
('209', '141', '95', 'Balo Pickleball Joola Backpack', 'uploads/pickleball_joola_backpack.svg', '4090000', '1', '40'),
('210', '142', '93', 'Hộp 3 Quả Bóng Pickleball Franklin Signature', 'uploads/pickleball_franklin_sig.svg', '180000', '1', '42'),
('211', '142', '22', 'NMS NMS Captain #22', 'uploads/shoe_22.svg', '3150000', '1', '43'),
('212', '143', '182', 'Giày Mizuno Flex Comfort #63', 'uploads/sneaker_63.svg', '4620000', '1', '42'),
('213', '144', '105', 'Giày đá bóng cỏ nhân tạo Adidas F50 Hyperfast League TF Road to Glory - Solar Turbo/Core Black/Gold Metallic IH4582', 'uploads/adidas_f50_hyperfast_tf.png', '2350000', '1', '39'),
('214', '144', '189', 'Giày Puma Flex Comfort #70', 'uploads/sneaker_70.svg', '3220000', '1', '39'),
('215', '145', '200', 'Giày Nike Super Speed #81', 'uploads/sneaker_81.svg', '4230000', '1', '42'),
('216', '146', '76', 'Giày Pickleball Nike Court Air Zoom Vapor Pro 3 Hc - FZ2161-101 - Trắng/Đen', 'uploads/nike_court_vapor_pro_3_black.svg', '2070000', '1', '41'),
('217', '146', '100', 'Giày Pickleball Asics Gel Game GS 1044A083 - 110 White Greyish Purple', 'uploads/asics_gel_game_gs_purple.svg', '10000', '1', '42'),
('218', '147', '121', 'Giày Nike SB Air Max Ishod \'Silver Bullet\' HF3062-001', 'uploads/sneaker_2.svg', '1670000', '1', '41'),
('219', '147', '184', 'Giày Nike Air Max Zoom #65', 'uploads/sneaker_65.svg', '10000', '1', '40'),
('220', '148', '7', 'Wika Wika Legend #7', 'uploads/shoe_7.svg', '1510000', '1', '39'),
('221', '149', '99', 'Giày Pickleball Asics Gel Game FF - 1041A489-103 - White/Dark Cobalt', 'uploads/asics_gel_game_ff_cobalt.svg', '4610000', '1', '40'),
('222', '150', '173', 'Giày Puma City Walk #54', 'uploads/sneaker_54.svg', '3520000', '1', '43'),
('223', '150', '55', 'NMS NMS Elite #55', 'uploads/shoe_55.svg', '1800000', '1', '42'),
('224', '151', '44', 'NMS NMS Pro #44', 'uploads/shoe_44.svg', '1908000', '1', '40'),
('225', '151', '212', 'Giày New Balance Air Max Zoom #93', 'uploads/sneaker_93.svg', '3452000', '1', '39'),
('226', '152', '74', 'Giày Pickleball Asics Gel Dedicate 8 Wide - 1041A410-105 - White/Midnight', 'uploads/asics_gel_dedicate_8_wide.svg', '1290000', '1', '42'),
('227', '153', '229', 'Giày Puma City Walk #110', 'uploads/sneaker_110.svg', '2840000', '1', '40'),
('228', '154', '15', 'Puma King Pro #15', 'uploads/shoe_15.svg', '1062500', '1', '41'),
('229', '154', '235', 'Giày Li-Ning Super Speed #116', 'uploads/sneaker_116.svg', '1627500', '1', '39'),
('230', '155', '201', 'Giày Adidas City Walk #82', 'uploads/sneaker_82.svg', '1844500', '1', '39'),
('231', '155', '52', 'Pan Pan Fighter #52', 'uploads/shoe_52.svg', '3755500', '1', '41'),
('232', '156', '199', 'Giày Asics Retro Classic #80', 'uploads/sneaker_80.svg', '1430000', '1', '43'),
('233', '157', '76', 'Giày Pickleball Nike Court Air Zoom Vapor Pro 3 Hc - FZ2161-101 - Trắng/Đen', 'uploads/nike_court_vapor_pro_3_black.svg', '4200000', '1', '43'),
('234', '158', '200', 'Giày Nike Super Speed #81', 'uploads/sneaker_81.svg', '2420000', '1', '40'),
('235', '158', '194', 'Giày Jordan City Walk #75', 'uploads/sneaker_75.svg', '3220000', '1', '43'),
('236', '159', '201', 'Giày Adidas City Walk #82', 'uploads/sneaker_82.svg', '1844500', '1', '42'),
('237', '159', '13', 'Adidas Predator Accuracy #13', 'uploads/shoe_13.svg', '855500', '1', '40'),
('238', '160', '177', 'Giày Adidas Air Max Zoom #58', 'uploads/sneaker_58.svg', '4500000', '1', '42'),
('239', '161', '160', 'Giày Nike Style Runner #41', 'uploads/sneaker_41.svg', '2470000', '1', '42'),
('240', '161', '195', 'Giày Li-Ning Style Runner #76', 'uploads/sneaker_76.svg', '1140000', '1', '42'),
('241', '162', '45', 'Nike Mercurial Vapor #45', 'uploads/shoe_45.svg', '1827500', '1', '41'),
('242', '162', '45', 'Nike Mercurial Vapor #45', 'uploads/shoe_45.svg', '1602500', '1', '42'),
('243', '163', '155', 'Giày Li-Ning Court Pro #36', 'uploads/sneaker_36.svg', '3160000', '1', '40'),
('244', '163', '146', 'Giày Jordan Style Runner #27', 'uploads/sneaker_27.svg', '360000', '1', '39'),
('245', '164', '55', 'NMS NMS Elite #55', 'uploads/shoe_55.svg', '2450000', '1', '43'),
('246', '164', '186', 'Giày Jordan Super Speed #67', 'uploads/sneaker_67.svg', '2800000', '1', '42'),
('247', '165', '46', 'Adidas F50 League #46', 'uploads/shoe_46.svg', '2180000', '1', '42'),
('248', '165', '104', 'Giày đá bóng cỏ nhân tạo Adidas F50 Messi League TF El Ultimo Tango - Ivory/Semi Blue Burst/Icey Blue IH1903', 'uploads/adidas_f50_messi_tf.png', '3760000', '1', '41'),
('249', '166', '56', 'Nike Air Zoom Superfly #56', 'uploads/shoe_56.svg', '2232000', '1', '39'),
('250', '166', '195', 'Giày Li-Ning Style Runner #76', 'uploads/sneaker_76.svg', '3328000', '1', '41'),
('251', '167', '205', 'Giày Puma Air Max Zoom #86', 'uploads/sneaker_86.svg', '1970000', '1', '43'),
('252', '167', '238', 'Giày Mizuno Flex Comfort #119', 'uploads/sneaker_119.svg', '1810000', '1', '41'),
('253', '168', '220', 'Giày New Balance Retro Classic #101', 'uploads/sneaker_101.svg', '5840000', '1', '40'),
('254', '169', '152', 'Giày Nike City Walk #33', 'uploads/sneaker_33.svg', '2560000', '1', '40'),
('255', '169', '145', 'Giày Adidas City Walk #26', 'uploads/sneaker_26.svg', '10000', '1', '41'),
('256', '170', '179', 'Giày Li-Ning Super Speed #60', 'uploads/sneaker_60.svg', '4060000', '1', '39'),
('257', '170', '93', 'Hộp 3 Quả Bóng Pickleball Franklin Signature', 'uploads/pickleball_franklin_sig.svg', '1310000', '1', '43'),
('258', '171', '2', 'Adidas F50 League #2', 'uploads/shoe_2.svg', '860000', '1', '40'),
('259', '171', '247', 'Giày Asics Air Max Zoom #128', 'uploads/sneaker_128.svg', '4330000', '1', '41'),
('260', '172', '183', 'Giày Asics Court Pro #64', 'uploads/sneaker_64.svg', '1870000', '1', '40'),
('261', '172', '96', 'Vợt Pickleball Selkirk Vanguard', 'uploads/pickleball_selkirk_vanguard.svg', '850000', '1', '43'),
('262', '173', '171', 'Giày Li-Ning Retro Classic #52', 'uploads/sneaker_52.svg', '2740000', '1', '40'),
('263', '173', '168', 'Giày Nike Flex Comfort #49', 'uploads/sneaker_49.svg', '10000', '1', '43'),
('264', '174', '169', 'Giày Adidas Court Pro #50', 'uploads/sneaker_50.svg', '3320000', '1', '39'),
('265', '174', '141', 'Giày Puma Court Pro #22', 'uploads/sneaker_22.svg', '750000', '1', '43'),
('266', '175', '223', 'Giày Asics Style Runner #104', 'uploads/sneaker_104.svg', '4040000', '1', '40'),
('267', '175', '24', 'Adidas X Crazyfast #24', 'uploads/shoe_24.svg', '1390000', '1', '41'),
('268', '176', '233', 'Giày Adidas Air Max Zoom #114', 'uploads/sneaker_114.svg', '2430000', '1', '41'),
('269', '177', '243', 'Giày Li-Ning City Walk #124', 'uploads/sneaker_124.svg', '4080000', '1', '43'),
('270', '178', '240', 'Giày Nike Air Max Zoom #121', 'uploads/sneaker_121.svg', '4830000', '1', '43'),
('271', '179', '247', 'Giày Asics Air Max Zoom #128', 'uploads/sneaker_128.svg', '3820000', '1', '40'),
('272', '179', '130', 'Giày Jordan Super Speed #11', 'uploads/sneaker_11.svg', '80000', '1', '40'),
('273', '180', '58', 'Mizuno Mizuno Alpha #58', 'uploads/shoe_58.svg', '1930000', '1', '43'),
('274', '181', '205', 'Giày Puma Air Max Zoom #86', 'uploads/sneaker_86.svg', '1590000', '1', '41'),
('275', '182', '214', 'Giày Mizuno Super Speed #95', 'uploads/sneaker_95.svg', '2980000', '1', '43'),
('276', '182', '221', 'Giày Puma Super Speed #102', 'uploads/sneaker_102.svg', '10000', '1', '43'),
('277', '183', '100', 'Giày Pickleball Asics Gel Game GS 1044A083 - 110 White Greyish Purple', 'uploads/asics_gel_game_gs_purple.svg', '1350000', '1', '41'),
('278', '183', '6', 'Zocker Winner #6', 'uploads/shoe_6.svg', '2450000', '1', '41'),
('279', '184', '196', 'Giày New Balance Flex Comfort #77', 'uploads/sneaker_77.svg', '3130000', '1', '39'),
('280', '185', '228', 'Giày New Balance Super Speed #109', 'uploads/sneaker_109.svg', '4540000', '1', '40'),
('281', '186', '42', 'Jogarbola Jogarbola Koha #42', 'uploads/shoe_42.svg', '1490000', '1', '39'),
('282', '186', '36', 'Mizuno Morelia Sala #36', 'uploads/shoe_36.svg', '10000', '1', '42'),
('283', '187', '111', 'Giày đá bóng cỏ nhân tạo Zocker Winner Energy Gen II - Dark Blue SNS-010-DB', 'uploads/zocker_winner_energy_db.png', '699000', '1', '39'),
('284', '187', '144', 'Giày Nike Super Speed #25', 'uploads/sneaker_25.svg', '2041000', '1', '41'),
('285', '188', '167', 'Giày Asics Style Runner #48', 'uploads/sneaker_48.svg', '3210000', '1', '41'),
('286', '188', '172', 'Giày New Balance Super Speed #53', 'uploads/sneaker_53.svg', '1600000', '1', '43'),
('287', '189', '163', 'Giày Li-Ning Air Max Zoom #44', 'uploads/sneaker_44.svg', '1590000', '1', '39'),
('288', '189', '185', 'Giày Adidas Retro Classic #66', 'uploads/sneaker_66.svg', '350000', '1', '41'),
('289', '190', '203', 'Giày Li-Ning Flex Comfort #84', 'uploads/sneaker_84.svg', '2960000', '1', '42'),
('290', '190', '111', 'Giày đá bóng cỏ nhân tạo Zocker Winner Energy Gen II - Dark Blue SNS-010-DB', 'uploads/zocker_winner_energy_db.png', '2080000', '1', '43'),
('291', '191', '30', 'Pan Pan Wave #30', 'uploads/shoe_30.svg', '5920000', '1', '43'),
('292', '192', '173', 'Giày Puma City Walk #54', 'uploads/sneaker_54.svg', '1250000', '1', '41'),
('293', '193', '14', 'Mizuno Mizuno Alpha #14', 'uploads/shoe_14.svg', '1220000', '1', '42'),
('294', '193', '189', 'Giày Puma Flex Comfort #70', 'uploads/sneaker_70.svg', '580000', '1', '39'),
('295', '194', '198', 'Giày Mizuno Air Max Zoom #79', 'uploads/sneaker_79.svg', '2184500', '1', '43'),
('296', '194', '177', 'Giày Adidas Air Max Zoom #58', 'uploads/sneaker_58.svg', '625500', '1', '40'),
('297', '195', '19', 'Pan Pan Super Sonic #19', 'uploads/shoe_19.svg', '1370000', '1', '39'),
('298', '195', '48', 'Puma Future Ultimate #48', 'uploads/shoe_48.svg', '1900000', '1', '39'),
('299', '196', '39', 'Zocker Zocker Space #39', 'uploads/shoe_39.svg', '1674500', '1', '42'),
('300', '196', '254', 'Giày Mizuno Air Max Zoom #135', 'uploads/sneaker_135.svg', '115500', '1', '42'),
('301', '197', '80', 'Giày Nike Court Air Zoom Vapor Pro 3 HC FZ2158-401 - Màu Tím Khoai Môn', 'uploads/nike_vapor_pro_3_purple.svg', '3970000', '1', '41'),
('302', '198', '69', 'Quả Bóng Đá Kelme Mã 9086842', 'assets/images/ball_kelme_1_1782372758164.png', '2240000', '1', '40'),
('303', '199', '97', 'Vợt Pickleball Facolos Elite', 'uploads/pickleball_facolos_elite.svg', '1270000', '1', '42'),
('304', '199', '148', 'Giày New Balance Court Pro #29', 'uploads/sneaker_29.svg', '10000', '1', '41'),
('305', '200', '9', 'Adidas Copa Pure 3 League TF - Pure Victory', 'assets/images/adidas_copa_pure3.png', '2560000', '1', '40'),
('306', '201', '196', 'Giày New Balance Flex Comfort #77', 'uploads/sneaker_77.svg', '2410000', '1', '43'),
('307', '202', '163', 'Giày Li-Ning Air Max Zoom #44', 'uploads/sneaker_44.svg', '1050000', '1', '40'),
('308', '203', '151', 'Giày Asics Super Speed #32', 'uploads/sneaker_32.svg', '3580000', '1', '42'),
('309', '203', '46', 'Adidas F50 League #46', 'uploads/shoe_46.svg', '10000', '1', '41'),
('310', '204', '179', 'Giày Li-Ning Super Speed #60', 'uploads/sneaker_60.svg', '4060000', '1', '43'),
('311', '204', '180', 'Giày New Balance City Walk #61', 'uploads/sneaker_61.svg', '300000', '1', '39'),
('312', '205', '179', 'Giày Li-Ning Super Speed #60', 'uploads/sneaker_60.svg', '1070000', '1', '41'),
('313', '206', '81', 'Giày Pickleball Joma P.Stroke Men - PSTROS2502 - Màu Trắng', 'uploads/joma_p_stroke_white.svg', '5160000', '1', '42'),
('314', '207', '86', 'Vợt Pickleball Zocker Aspire', 'uploads/zocker_aspire.svg', '1800000', '1', '42'),
('315', '207', '133', 'Giày Puma Flex Comfort #14', 'uploads/sneaker_14.svg', '450000', '1', '39'),
('316', '208', '49', 'Kamito Velocidad II #49', 'uploads/shoe_49.svg', '2270000', '1', '39'),
('317', '208', '84', 'Vợt Pickleball Joola Perseus Pro V', 'uploads/joola_perseus_pro_v.svg', '3200000', '1', '41'),
('318', '209', '121', 'Giày Nike SB Air Max Ishod \'Silver Bullet\' HF3062-001', 'uploads/sneaker_2.svg', '1620000', '1', '40'),
('319', '210', '38', 'Kamito TA11 Pro #38', 'uploads/shoe_38.svg', '1720000', '1', '41'),
('320', '210', '203', 'Giày Li-Ning Flex Comfort #84', 'uploads/sneaker_84.svg', '10000', '1', '43'),
('321', '211', '102', 'Giày Pickleball Asics Gel Game GS 1044A052 - 406 Teal Blue/White', 'uploads/asics_gel_game_gs_teal.svg', '1400000', '1', '40'),
('322', '211', '122', 'Giày Nike Air Max DN \'Black White\' (WMNS) FJ3145-002', 'uploads/sneaker_3.svg', '1610000', '1', '43'),
('323', '212', '9', 'Adidas Copa Pure 3 League TF - Pure Victory', 'assets/images/adidas_copa_pure3.png', '1810000', '1', '42'),
('324', '213', '251', 'Giày Li-Ning Style Runner #132', 'uploads/sneaker_132.svg', '1810000', '1', '39'),
('325', '213', '143', 'Giày Asics Retro Classic #24', 'uploads/sneaker_24.svg', '220000', '1', '43'),
('326', '214', '91', 'Giày Pickleball Asics Gel Challenger 15 - 1042A294-102 - Màu Trắng', 'uploads/asics_gel_challenger_15.svg', '2399000', '1', '42'),
('327', '214', '62', 'Wika Wika Flash #62', 'uploads/shoe_62.svg', '181000', '1', '39'),
('328', '215', '75', 'Giày Pickleball Asics Gel Game FF - 1041A489 101 - White/Black', 'uploads/asics_gel_game_ff_white_black.svg', '1650000', '1', '41'),
('329', '215', '237', 'Giày Puma Style Runner #118', 'uploads/sneaker_118.svg', '3480000', '1', '43'),
('330', '216', '191', 'Giày Asics Air Max Zoom #72', 'uploads/sneaker_72.svg', '1910000', '1', '40'),
('331', '217', '59', 'Puma King Pro #59', 'uploads/shoe_59.svg', '2570000', '1', '40'),
('332', '217', '246', 'Giày Mizuno Court Pro #127', 'uploads/sneaker_127.svg', '30000', '1', '42'),
('333', '218', '182', 'Giày Mizuno Flex Comfort #63', 'uploads/sneaker_63.svg', '2970000', '1', '39'),
('334', '218', '71', 'Quả Bóng Đá Kelme MÃ 8101QU5001', 'assets/images/ball_kelme_3_1782372779163.png', '1510000', '1', '42'),
('335', '219', '208', 'Giày Nike City Walk #89', 'uploads/sneaker_89.svg', '4300000', '1', '39'),
('336', '219', '121', 'Giày Nike SB Air Max Ishod \'Silver Bullet\' HF3062-001', 'uploads/sneaker_2.svg', '600000', '1', '40'),
('337', '220', '88', 'Giày Pickleball Babolat Jet Mach 4', 'uploads/babolat_jet_mach_4.svg', '3200000', '1', '40'),
('338', '220', '253', 'Giày Puma Court Pro #134', 'uploads/sneaker_134.svg', '1510000', '1', '42'),
('339', '221', '172', 'Giày New Balance Super Speed #53', 'uploads/sneaker_53.svg', '1470000', '1', '42'),
('340', '222', '21', 'Kelme Kelme Star #21', 'uploads/shoe_21.svg', '1215500', '1', '43'),
('341', '222', '61', 'Zocker inspire Pro #61', 'uploads/shoe_61.svg', '914500', '1', '39'),
('342', '223', '195', 'Giày Li-Ning Style Runner #76', 'uploads/sneaker_76.svg', '1810000', '1', '41'),
('343', '223', '182', 'Giày Mizuno Flex Comfort #63', 'uploads/sneaker_63.svg', '10000', '1', '43'),
('344', '224', '1', 'Nike Mercurial Vapor #1', 'uploads/shoe_1.svg', '4030000', '1', '40'),
('345', '225', '165', 'Giày Puma Super Speed #46', 'uploads/sneaker_46.svg', '1734000', '1', '42'),
('346', '225', '80', 'Giày Nike Court Air Zoom Vapor Pro 3 HC FZ2158-401 - Màu Tím Khoai Môn', 'uploads/nike_vapor_pro_3_purple.svg', '1446000', '1', '41'),
('347', '226', '89', 'Giày Pickleball Asics Court FF 3 -1041A370-106 - Trắng/Hồng/Xanh', 'uploads/asics_court_ff_3.svg', '3230000', '1', '39'),
('348', '226', '239', 'Giày Asics Court Pro #120', 'uploads/sneaker_120.svg', '10000', '1', '39'),
('349', '227', '244', 'Giày New Balance Style Runner #125', 'uploads/sneaker_125.svg', '2870000', '1', '40'),
('350', '227', '202', 'Giày Jordan Style Runner #83', 'uploads/sneaker_83.svg', '10000', '1', '40'),
('351', '228', '152', 'Giày Nike City Walk #33', 'uploads/sneaker_33.svg', '2040000', '1', '43'),
('352', '229', '59', 'Puma King Pro #59', 'uploads/shoe_59.svg', '2430000', '1', '41'),
('353', '230', '223', 'Giày Asics Style Runner #104', 'uploads/sneaker_104.svg', '4040000', '1', '43'),
('354', '230', '183', 'Giày Asics Court Pro #64', 'uploads/sneaker_64.svg', '40000', '1', '41'),
('355', '231', '168', 'Giày Nike Flex Comfort #49', 'uploads/sneaker_49.svg', '2422500', '1', '41'),
('356', '231', '230', 'Giày Mizuno Style Runner #111', 'uploads/sneaker_111.svg', '3417500', '1', '42'),
('357', '232', '139', 'Giày Li-Ning Style Runner #20', 'uploads/sneaker_20.svg', '2730000', '1', '40'),
('358', '233', '68', 'Adidas X Crazyfast #68', 'uploads/shoe_68.svg', '2556000', '1', '42'),
('359', '233', '241', 'Giày Adidas Retro Classic #122', 'uploads/sneaker_122.svg', '1414000', '1', '42'),
('360', '234', '255', 'Giày Asics Retro Classic #136', 'uploads/sneaker_136.svg', '1160000', '1', '41'),
('361', '235', '253', 'Giày Puma Court Pro #134', 'uploads/sneaker_134.svg', '2680000', '1', '42'),
('362', '235', '195', 'Giày Li-Ning Style Runner #76', 'uploads/sneaker_76.svg', '1710000', '1', '40'),
('363', '236', '133', 'Giày Puma Flex Comfort #14', 'uploads/sneaker_14.svg', '3790000', '1', '40'),
('364', '237', '34', 'Nike Tiempo Legend #34', 'uploads/shoe_34.svg', '2520000', '1', '43'),
('365', '238', '90', 'Giày Pickleball Asics Game FF Clay/OC - 1041A489-104 - White/Dark Neptune', 'uploads/asics_game_ff.svg', '5200000', '1', '43'),
('366', '239', '195', 'Giày Li-Ning Style Runner #76', 'uploads/sneaker_76.svg', '1830000', '1', '41'),
('367', '240', '69', 'Quả Bóng Đá Kelme Mã 9086842', 'assets/images/ball_kelme_1_1782372758164.png', '420000', '1', '41'),
('368', '240', '183', 'Giày Asics Court Pro #64', 'uploads/sneaker_64.svg', '3420000', '1', '41'),
('369', '241', '224', 'Giày Nike Flex Comfort #105', 'uploads/sneaker_105.svg', '5270000', '1', '43'),
('370', '242', '227', 'Giày Li-Ning Retro Classic #108', 'uploads/sneaker_108.svg', '2160000', '1', '42'),
('371', '242', '252', 'Giày New Balance Flex Comfort #133', 'uploads/sneaker_133.svg', '2400000', '1', '42'),
('372', '243', '68', 'Adidas X Crazyfast #68', 'uploads/shoe_68.svg', '1010000', '1', '41'),
('373', '243', '185', 'Giày Adidas Retro Classic #66', 'uploads/sneaker_66.svg', '10000', '1', '42'),
('374', '244', '251', 'Giày Li-Ning Style Runner #132', 'uploads/sneaker_132.svg', '1770000', '1', '39'),
('375', '245', '180', 'Giày New Balance City Walk #61', 'uploads/sneaker_61.svg', '1283500', '1', '42'),
('376', '245', '150', 'Giày Mizuno Retro Classic #31', 'uploads/sneaker_31.svg', '4276500', '1', '39'),
('377', '246', '69', 'Quả Bóng Đá Kelme Mã 9086842', 'assets/images/ball_kelme_1_1782372758164.png', '3070000', '1', '39'),
('378', '247', '234', 'Giày Jordan Retro Classic #115', 'uploads/sneaker_115.svg', '2250000', '1', '43'),
('379', '247', '88', 'Giày Pickleball Babolat Jet Mach 4', 'uploads/babolat_jet_mach_4.svg', '10000', '1', '42'),
('380', '248', '216', 'Giày Nike Style Runner #97', 'uploads/sneaker_97.svg', '3350000', '1', '42'),
('381', '249', '58', 'Mizuno Mizuno Alpha #58', 'uploads/shoe_58.svg', '4390000', '1', '41'),
('382', '250', '104', 'Combo Giày bóng đá chuyên nghiệp', 'uploads/adidas_f50_messi_tf.png', '145900220', '1', '41'),
('383', '251', '79', 'Giày Pickleball Nike Vapor Pro 3 HC PRM - HV1376-100 - Màu Trắng Cam', 'uploads/nike_vapor_pro_3_orange.svg', '1230000', '1', '40'),
('384', '252', '179', 'Giày Li-Ning Super Speed #60', 'uploads/sneaker_60.svg', '870000', '1', '40'),
('385', '253', '81', 'Giày Pickleball Joma P.Stroke Men - PSTROS2502 - Màu Trắng', 'uploads/joma_p_stroke_white.svg', '1370000', '1', '41'),
('386', '254', '127', 'Giày Air Jordan 1 Low \'Denim\' IH0648-141', 'uploads/sneaker_8.svg', '2060000', '1', '41'),
('387', '255', '37', 'Puma Future Play #37', 'uploads/shoe_37.svg', '800000', '1', '42'),
('388', '256', '47', 'Mizuno Monarcida Neo Select #47', 'uploads/shoe_47.svg', '1140000', '1', '43'),
('389', '257', '167', 'Giày Asics Style Runner #48', 'uploads/sneaker_48.svg', '1190000', '1', '41'),
('390', '258', '223', 'Giày Asics Style Runner #104', 'uploads/sneaker_104.svg', '2960000', '1', '43'),
('391', '259', '145', 'Giày Adidas City Walk #26', 'uploads/sneaker_26.svg', '2090000', '1', '42'),
('392', '260', '136', 'Giày Nike Retro Classic #17', 'uploads/sneaker_17.svg', '1720000', '1', '39'),
('393', '261', '94', 'Bóng Pickleball Facolos Elite - Hộp 6 Quả', 'uploads/pickleball_facolos_elite.svg', '560000', '1', '41'),
('394', '262', '133', 'Giày Puma Flex Comfort #14', 'uploads/sneaker_14.svg', '1070000', '1', '43'),
('395', '263', '76', 'Giày Pickleball Nike Court Air Zoom Vapor Pro 3 Hc - FZ2161-101 - Trắng/Đen', 'uploads/nike_court_vapor_pro_3_black.svg', '730000', '1', '42'),
('396', '264', '133', 'Giày Puma Flex Comfort #14', 'uploads/sneaker_14.svg', '1350000', '1', '42'),
('397', '265', '245', 'Giày Puma Flex Comfort #126', 'uploads/sneaker_126.svg', '2300000', '1', '40'),
('398', '266', '153', 'Giày Adidas Style Runner #34', 'uploads/sneaker_34.svg', '2940000', '1', '43'),
('399', '267', '55', 'NMS NMS Elite #55', 'uploads/shoe_55.svg', '2780000', '1', '39'),
('400', '268', '243', 'Giày Li-Ning City Walk #124', 'uploads/sneaker_124.svg', '1570000', '1', '43'),
('401', '269', '236', 'Giày New Balance City Walk #117', 'uploads/sneaker_117.svg', '1340000', '1', '43'),
('402', '270', '63', 'Pan Pan Super Sonic #63', 'uploads/shoe_63.svg', '1960000', '1', '43'),
('403', '271', '81', 'Giày Pickleball Joma P.Stroke Men - PSTROS2502 - Màu Trắng', 'uploads/joma_p_stroke_white.svg', '500000', '1', '40'),
('404', '272', '83', 'Vợt Pickleball Joola Hyperion Pro V', 'uploads/joola_hyperion_pro_v.svg', '2860000', '1', '39'),
('405', '273', '74', 'Giày Pickleball Asics Gel Dedicate 8 Wide - 1041A410-105 - White/Midnight', 'uploads/asics_gel_dedicate_8_wide.svg', '1110000', '1', '41'),
('406', '274', '146', 'Giày Jordan Style Runner #27', 'uploads/sneaker_27.svg', '1260000', '1', '43'),
('407', '275', '140', 'Giày New Balance Flex Comfort #21', 'uploads/sneaker_21.svg', '1350000', '1', '43'),
('408', '276', '130', 'Giày Jordan Super Speed #11', 'uploads/sneaker_11.svg', '1150000', '1', '40'),
('409', '277', '208', 'Giày Nike City Walk #89', 'uploads/sneaker_89.svg', '2290000', '1', '41'),
('410', '278', '193', 'Giày Adidas Super Speed #74', 'uploads/sneaker_74.svg', '600000', '1', '39'),
('411', '279', '172', 'Giày New Balance Super Speed #53', 'uploads/sneaker_53.svg', '2330000', '1', '41'),
('412', '280', '164', 'Giày New Balance Retro Classic #45', 'uploads/sneaker_45.svg', '900000', '1', '42'),
('413', '281', '147', 'Giày Li-Ning Flex Comfort #28', 'uploads/sneaker_28.svg', '2230000', '1', '42'),
('414', '282', '49', 'Kamito Velocidad II #49', 'uploads/shoe_49.svg', '1480000', '1', '39'),
('415', '283', '250', 'Giày Jordan City Walk #131', 'uploads/sneaker_131.svg', '2130000', '1', '39'),
('416', '284', '56', 'Nike Air Zoom Superfly #56', 'uploads/shoe_56.svg', '1470000', '1', '42'),
('417', '285', '52', 'Pan Pan Fighter #52', 'uploads/shoe_52.svg', '1290000', '1', '43'),
('418', '286', '83', 'Vợt Pickleball Joola Hyperion Pro V', 'uploads/joola_hyperion_pro_v.svg', '1440000', '1', '40'),
('419', '287', '105', 'Giày đá bóng cỏ nhân tạo Adidas F50 Hyperfast League TF Road to Glory - Solar Turbo/Core Black/Gold Metallic IH4582', 'uploads/adidas_f50_hyperfast_tf.png', '1030000', '1', '43'),
('420', '288', '147', 'Giày Li-Ning Flex Comfort #28', 'uploads/sneaker_28.svg', '1400000', '1', '42'),
('421', '289', '51', 'Wika Wika Legend #51', 'uploads/shoe_51.svg', '1930000', '1', '41'),
('422', '290', '66', 'NMS NMS Captain #66', 'uploads/shoe_66.svg', '2340000', '1', '43');

